insertid,SKU_ID,HSN_Code,Tax_Percentage,Segment_Code,Segment_Name,Brand_Code,Brand_Name,Sub_Brand_Code,Sub_Brand_Name,Parent_Code,Parent_Name,Variant,SKU_Code,SKU_Name,SKU_Short_Description,Mrp,Default_UOM,UOM,IsReturnable,Active,Price_to_Retailer,Created,created_date
1,1,21069099,18.00,1,OTC,13,Centrum Adult MVM,Null,Null,Null,Null,CENTRUM MEN,YGMMD00,Centrum Men Tab 30,Centrum Men Tab 30,475.00,UN,24,0,1,413.04,2025-05-24 09:31:20,2022-09-23
2,2,21069099,18.00,1,OTC,13,Centrum Adult MVM,Null,Null,Null,Null,CENTRUM WOMEN,YGMWD00,Centrum Women Tab 30,Centrum Women Tab 30,495.00,UN,24,0,1,430.43,2025-05-24 09:31:20,2022-09-23
3,3,21069099,18.00,1,OTC,13,Centrum Adult MVM,Null,Null,Null,Null,CENTRUM ADULTS 50+,YGMAD00,Centrum Adult Tab 30,Centrum Adult Tab 30,495.00,UN,24,0,1,430.43,2025-05-24 09:31:20,2022-09-23
4,4,21069099,18.00,1,OTC,13,Centrum Adult MVM,Null,Null,Null,Null,CENTRUM MEN,YGMME00,Centrum Men Tab 50,Centrum Men Tab 50,710.00,UN,12,0,1,617.39,2025-05-24 09:31:20,2022-09-23
5,5,21069099,18.00,1,OTC,13,Centrum Adult MVM,Null,Null,Null,Null,CENTRUM WOMEN,YGMWE00,Centrum Women Tab 50,Centrum Women Tab 50,740.00,UN,12,0,1,643.48,2025-05-24 09:31:20,2022-09-23
6,6,21069099,18.00,1,OTC,13,Centrum Adult MVM,Null,Null,Null,Null,CENTRUM ADULTS 50+,YGMAE00,Centrum Adult Tab 50,Centrum Adult Tab 50,740.00,UN,12,0,1,643.48,2025-05-24 09:31:20,2022-09-23
7,7,17049090,18.00,1,OTC,14,Centrum Gummies MVM,Null,Null,Null,Null,CENTRUM KIDS,YGMKD00,Centrum Kids Gummies 30,Centrum Kids Gummies 30,495.00,UN,24,0,1,430.43,2025-05-24 09:31:20,2022-09-23
8,8,17049090,18.00,1,OTC,14,Centrum Gummies MVM,Null,Null,Null,Null,CENTRUM KIDS,YGMKE00,Centrum Kids Gummies 50,Centrum Kids Gummies 50,740.00,UN,12,0,1,643.48,2025-05-24 09:31:20,2022-09-23
9,9,30049011,12.00,1,OTC,2,Otrivin,Null,Null,Null,Null,Otrivin Breathe Clean,YGOCA00,Otrivin Breathe Clean 100ML,Otrivin Breathe Clean 100ML,335.00,UN,30,0,1,271.36,2025-05-24 09:31:20,2022-09-27
10,10,33069000,18.00,2,OHC,15,POLIDENT FIXATIVES,Null,Null,Null,Null,Polident,YGPFA00,Polident 20g,Polident 20g,315.00,UN,48,0,1,273.91,2025-05-24 09:31:20,2022-09-27
11,11,33061020,18.00,2,OHC,16,Sensodyne Core Paste,Null,Null,Null,Null,Sensitivity & Gum,YGSSF00,Senso Sensitivity & Gum Paste 70g,Senso Sensitivity & Gum Paste 70g,195.00,UN,72,0,1,169.57,2025-05-24 09:31:20,2022-09-27
12,12,33061020,18.00,2,OHC,6,Parodontax,Null,Null,Null,Null,Parodontax,YGXUB00,Parodontax Ultraclean Paste 75g,Parodontax Ultraclean Paste 75g,115.00,UN,72,0,1,100.00,2025-05-24 09:31:20,2022-09-27
13,13,33061020,18.00,2,OHC,6,Parodontax,Null,Null,Null,Null,Parodontax,YGXFB00,Parodontax Daily Fluoride Paste 75g,Parodontax Daily Fluoride Paste 75g,115.00,UN,72,0,1,100.00,2025-05-24 09:31:20,2022-09-27
14,14,33061020,18.00,2,OHC,16,Sensodyne Core Paste,Null,Null,Null,Null,Repair&Protect,YGSPIR2,Senso Repair & Protect Paste 100g,Senso Repair & Protect Paste 100g,220.00,UN,72,0,1,191.30,2025-05-24 09:31:20,2022-09-27
15,15,96032100,18.00,2,OHC,17,Sensodyne Core Brushes,Null,Null,Null,Null,Sensitivity & Gum Brush,YGBSA00,Senso Sensitivity & Gum Brush-1,Senso Sensitivity & Gum Brush-1,100.00,UN,144,0,1,74.07,2025-05-24 09:31:20,2022-09-27
16,16,96032100,18.00,2,OHC,17,Sensodyne Core Brushes,Null,Null,Null,Null,Sensitivity & Gum Brush,YGBSB00,Senso Sensitivity & Gum Brush-3,Senso Sensitivity & Gum Brush-3,220.00,UN,144,0,1,162.96,2025-05-24 09:31:20,2022-09-27
17,17,96032100,18.00,2,OHC,17,Sensodyne Core Brushes,Null,Null,Null,Null,Sensodyne Deep Clean Brush,YGBDAR1,Senso Deep Clean Brush-1,Senso Deep Clean Brush-1,80.00,UN,144,0,1,59.26,2025-05-24 09:31:20,2022-09-27
18,18,96032100,18.00,2,OHC,17,Sensodyne Core Brushes,Null,Null,Null,Null,Sensodyne Deep Clean Brush,YGBDBR1,Senso Deep Clean Brush-3,Senso Deep Clean Brush-3,160.00,UN,144,0,1,118.52,2025-05-24 09:31:20,2022-09-27
19,19,33061020,18.00,2,OHC,16,Sensodyne Core Paste,Null,Null,Null,Null,Sens Rapid Relief,YGSRHR1,Senso Rapid Relief Paste 80g,Senso Rapid Relief Paste 80g,170.00,UN,72,0,1,147.83,2025-05-24 09:31:20,2022-09-27
20,20,96032100,18.00,2,OHC,17,Sensodyne Core Brushes,Null,Null,Null,Null,Premium Brush,YGBPAR1,Senso Expert Brush-1pc,Senso Expert Brush-1pc,100.00,UN,144,0,1,74.07,2025-05-24 09:31:20,2022-09-27
21,21,96032100,18.00,2,OHC,17,Sensodyne Core Brushes,Null,Null,Null,Null,Premium Brush,YGBPBR1,Senso Expert Brush-3pc,Senso Expert Brush-3pc,220.00,UN,144,0,1,162.96,2025-05-24 09:31:20,2022-09-27
22,22,33061020,18.00,2,OHC,16,Sensodyne Core Paste,Null,Null,Null,Null,Sensodyne,YGSFGR1,Senso Freshmint Paste 75g,Senso Freshmint Paste 75g,120.00,UN,72,0,1,104.35,2025-05-24 09:31:20,2022-10-12
23,23,33061020,18.00,2,OHC,16,Sensodyne Core Paste,Null,Null,Null,Null,Sensodyne,YGSFJ1A,Senso Freshmint 150g + Brush Free,Senso Freshmint 150g + Brush Free,210.00,UN,72,0,1,182.61,2025-05-24 09:31:20,2022-10-12
24,24,33061020,18.00,2,OHC,16,Sensodyne Core Paste,Null,Null,Null,Null,Sensodyne,YGSFJR1,Senso Freshmint Paste 150g,Senso Freshmint Paste 150g,210.00,UN,72,0,1,182.61,2025-05-24 09:31:20,2022-10-12
25,25,33061020,18.00,2,OHC,16,Sensodyne Core Paste,Null,Null,Null,Null,Sensodyne,YGSGGR1,Senso Freshgel Paste 75g,Senso Freshgel Paste 75g,120.00,UN,72,0,1,104.35,2025-05-24 09:31:20,2022-10-12
26,26,33061020,18.00,2,OHC,16,Sensodyne Core Paste,Null,Null,Null,Null,Sensodyne,YGSGJR1,Senso Freshgel Paste 150g,Senso Freshgel Paste 150g,210.00,UN,72,0,1,182.61,2025-05-24 09:31:20,2022-10-12
27,27,33061020,18.00,2,OHC,16,Sensodyne Core Paste,Null,Null,Null,Null,Repair&Protect,YGSPFR2,Senso Repair & Protect Paste 72X70g,Senso Repair & Protect Paste 72X70g,185.00,UN,72,0,1,160.87,2025-05-24 09:31:20,2022-10-12
28,28,30049011,12.00,1,OTC,7,Iodex,Null,Null,Null,Null,Iodex Spray,YGYSB00,Iodex Spray 60g,Iodex Spray 60g,205.00,UN,48,0,1,178.26,2025-05-24 09:31:20,2022-10-12
29,29,30049011,12.00,1,OTC,8,Eno,Null,Null,Null,Null,Eno,YGELCR1,Eno Lemon Sixer Pack 6X5g,Eno Lemon Sixer Pack 6X5g,54.00,UN,144,0,1,45.00,2025-05-24 09:31:20,2022-10-12
30,30,30049011,12.00,1,OTC,7,Iodex,Null,Null,Null,Null,Iodex Spray,YGYSCR1,IODEX RAPID ACTION SPRAY 1X35G_SRP_TRF,IODEX RAPID ACTION SPRAY 1X35G_SRP_TRF,420.00,UN,32,0,1,365.22,2025-05-24 09:31:20,2022-10-12
31,32,30049011,12.00,1,OTC,7,Iodex,Null,Null,Null,Null,Iodex Spray,YGYSC00,Iodex Spray 3X35g,Iodex Spray 3X35g,447.00,UN,32,0,1,388.70,2025-05-24 09:31:20,2022-10-14
32,33,30049099,12.00,1,OTC,2,Otrivin,Null,Null,Null,Null,Otrinoz,YGOACR1,Otrivin Moisturizing Adult,Otrivin Moisturizing Adult,130.66,UN,120,0,1,105.84,2025-05-24 09:31:20,2022-12-04
33,34,30049099,12.00,1,OTC,2,Otrivin,Null,Null,Null,Null,Otrinoz,YGOMAR1,Otrivin Moisturizing Paed,Otrivin Moisturizing Paed,101.01,UN,120,0,1,81.82,2025-05-24 09:31:20,2022-12-04
34,35,30049099,12.00,1,OTC,2,Otrivin,Null,Null,Null,Null,Otrinoz,YGOBAR1,Otrivin Baby Saline,Otrivin Baby Saline,62.68,UN,120,0,1,50.77,2025-05-24 09:31:20,2022-12-04
35,36,30049099,12.00,1,OTC,2,Otrivin,Null,Null,Null,Null,Otrivin FR,YGOFA00,Otrivin FR,Otrivin FR,96.80,UN,360,0,1,78.41,2025-05-24 09:31:20,2022-12-04
36,37,30049099,12.00,1,OTC,2,Otrivin,Null,Null,Null,Null,Otrivin Adult,YGOSB00,Otrivin Saline,Otrivin Saline,70.86,UN,360,0,1,57.40,2025-05-24 09:31:20,2022-12-04
37,38,30049099,12.00,1,OTC,2,Otrivin,Null,Null,Null,Null,Otrivin Paed,YGOPB00,Otrivin Paed,Otrivin Paed,48.83,UN,360,0,1,39.55,2025-05-24 09:31:20,2022-12-04
38,39,96032100,18.00,2,OHC,17,Sensodyne Core Brushes,Null,Null,Null,Null,Sensodyne Basil Brush,YGBBAR1,Senso. Sensitive Brush 1pc,Senso. Sensitive Brush 1pc,60.00,UN,144,0,1,44.44,2025-05-24 09:31:20,2022-12-04
39,40,96032100,18.00,2,OHC,17,Sensodyne Core Brushes,Null,Null,Null,Null,Sensodyne Basil Brush,YGBBCR1,Senso Sensitive Brush 2+1 Pack,Senso Sensitive Brush 2+1 Pack,120.00,UN,144,0,1,88.89,2025-05-24 09:31:20,2022-12-04
40,41,96032100,18.00,2,OHC,17,Sensodyne Core Brushes,Null,Null,Null,Null,Sensodyne Basil Brush,YGBBFR1,Senso Sensitive Brush 4pc Pack,Senso Sensitive Brush 4pc Pack,145.00,UN,144,0,1,107.41,2025-05-24 09:31:20,2022-12-04
"41, '42', '33061020', 18.00, '2', 'OHC', '16', 'Sensodyne Core Paste', 'Null', 'Null', 'Null', 'Null', 'Sensitivity & Gum', 'YGSSG00', 'Senso Sensit. & Gum Paste 70g X 2 (140g"
140g
"42, '43', '33061020', 18.00, '2', 'OHC', '6', 'Parodontax', 'Null', 'Null', 'Null', 'Null', 'Parodontax', 'YGXFC00', 'Paro. Daily Fluoride Paste 75g X 2(150g"
150g
"43, '44', '33061020', 18.00, '2', 'OHC', '6', 'Parodontax', 'Null', 'Null', 'Null', 'Null', 'Parodontax', 'YGXUC00', 'Paro. Ultra Clean Paste 75gX2( 150g"
150g
44,45,33061020,18.00,2,OHC,16,Sensodyne Core Paste,Null,Null,Null,Null,Sens Whitening,YGSWFR1,Senso Whitening Paste 70g,Senso Whitening Paste 70g,140.00,UN,72,0,1,121.74,2025-05-24 09:31:20,2022-12-04
45,46,33061020,18.00,2,OHC,16,Sensodyne Core Paste,Null,Null,Null,Null,Sens Deep Clean,YGSDFR1,Senso Deep Clean Paste 70g,Senso Deep Clean Paste 70g,135.00,UN,72,0,1,117.39,2025-05-24 09:31:20,2022-12-04
"46, '47', '33061020', 18.00, '2', 'OHC', '16', 'Sensodyne Core Paste', 'Null', 'Null', 'Null', 'Null', 'Sensodyne', 'YGSGKR1', 'Senso Freshgel 450gms (2+1 Pack"
2+1 Pack
"47, '48', '33061020', 18.00, '2', 'OHC', '16', 'Sensodyne Core Paste', 'Null', 'Null', 'Null', 'Null', 'Sensodyne', 'YGSFKR1', 'Senso Freshmint 450gms (2+1 Pack"
2+1 Pack
48,49,33061020,18.00,2,OHC,16,Sensodyne Core Paste,Null,Null,Null,Null,Sensodyne,YGSGP00,Sensodyne Fresh Gel Pack of 3,Sensodyne Fresh Gel Pack of 3,630.00,UN,24,0,1,547.83,2025-05-24 09:31:20,2022-12-04
49,50,33061020,18.00,2,OHC,16,Sensodyne Core Paste,Null,Null,Null,Null,Sensodyne,YGSFP00,Sensodyne Fresh Mint Pack of 3,Sensodyne Fresh Mint Pack of 3,630.00,UN,24,0,1,547.83,2025-05-24 09:31:20,2022-12-04
"50, '51', '33061020', 18.00, '2', 'OHC', '16', 'Sensodyne Core Paste', 'Null', 'Null', 'Null', 'Null', 'Repair&Protect', 'YGSPM00', 'Senso Repair & Protect Paste 140g(70gX2"
70gX2
"51, '52', '33061020', 18.00, '2', 'OHC', '16', 'Sensodyne Core Paste', 'Null', 'Null', 'Null', 'Null', 'Sens Rapid Relief', 'YGSRQ00', 'Senso Rapid Relief Paste 160g (80gX2"
80gX2
"52, '53', '33061020', 18.00, '2', 'OHC', '16', 'Sensodyne Core Paste', 'Null', 'Null', 'Null', 'Null', 'Sensodyne', 'YGSEO00', 'Senso Freshgel 225g (75gX3"
75gX3
"53, '54', '33061020', 18.00, '2', 'OHC', '16', 'Sensodyne Core Paste', 'Null', 'Null', 'Null', 'Null', 'Sens Rapid Relief', 'YGSIT00', 'Senso Rapid Relied 240g (80gX3"
80gX3
54,55,33061020,18.00,2,OHC,16,Sensodyne Core Paste,Null,Null,Null,Null,Sensodyne Complete,YGSXF00,Senso Complete Protection Paste 70g,Senso Complete Protection Paste 70g,195.00,UN,72,0,1,169.57,2025-05-24 09:31:20,2022-12-04
"55, '56', '33061020', 18.00, '2', 'OHC', '16', 'Sensodyne Core Paste', 'Null', 'Null', 'Null', 'Null', 'Complete protection+', 'YGSXM00', 'Senso CP Paste 140g (70gX2"
70gX2
56,57,21069099,18.00,1,OTC,14,Centrum Gummies MVM,Null,Null,Null,Null,CENTRUM IMMUNE DEFENCE,YGMIF00,Centrum Immune Defence Gummies 30,Centrum Immune Defence Gummies 30,1080.00,UN,12,0,1,939.13,2025-05-24 09:31:20,2022-12-04
57,58,17049090,18.00,1,OTC,14,Centrum Gummies MVM,Null,Null,Null,Null,CENTRUM SLEEP & REFRESH,YGMRF00,Centrum Sleep & Refresh Gummies 30,Centrum Sleep & Refresh Gummies 30,900.00,UN,12,0,1,782.61,2025-05-24 09:31:20,2022-12-04
58,59,17049090,18.00,1,OTC,14,Centrum Gummies MVM,Null,Null,Null,Null,CENTRUM DIGESTIVE BALANCE,YGMDF00,Centrum Digestive Balance Gummies 30,Centrum Digestive Balance Gummies 30,900.00,UN,12,0,1,782.61,2025-05-24 09:31:20,2022-12-04
59,60,21069099,18.00,1,OTC,14,Centrum Gummies MVM,Null,Null,Null,Null,CENTRUM KIDS IMMUNE FUEL,YGMNF00,Centrum Kids Immune Fuel Gummies 30,Centrum Kids Immune Fuel Gummies 30,1080.00,UN,12,0,1,939.13,2025-05-24 09:31:20,2022-12-04
60,61,30049011,12.00,1,OTC,7,Iodex,Null,Null,Null,Null,Iodex Power Gel,YGYGD00,Iodex Power Gel 30g,Iodex Power Gel 30g,130.00,UN,72,0,1,106.28,2025-05-24 09:31:20,2022-12-04
61,62,30049011,12.00,1,OTC,7,Iodex,Null,Null,Null,Null,Iodex Bottle,YGYBC00,Iodex Balm 16g,Iodex Balm 16g,84.00,UN,240,0,1,73.04,2025-05-24 09:31:20,2022-12-04
62,63,30049011,12.00,1,OTC,7,Iodex,Null,Null,Null,Null,Iodex Bottle,YGYBD00,Iodex Balm 40g,Iodex Balm 40g,160.00,UN,96,0,1,139.13,2025-05-24 09:31:20,2022-12-04
63,64,30049069,12.00,1,OTC,7,Iodex,Null,Null,Null,Null,Iodex UltraGel,YGYUB00,Iodex Ultragel 30g,Iodex Ultragel 30g,130.00,UN,144,0,1,106.28,2025-05-24 09:31:20,2022-12-04
64,65,30049069,12.00,1,OTC,7,Iodex,Null,Null,Null,Null,Iodex UltraGel,YGYUD00,Iodex Ultragel 15gm,Iodex Ultragel 15gm,390.00,UN,24,0,1,318.84,2025-05-24 09:31:20,2022-12-04
65,66,30049011,12.00,1,OTC,7,Iodex,Null,Null,Null,Null,Iodex Bottle,YGYBB00,Iodex Balm 8gm,Iodex Balm 8gm,42.00,UN,384,0,1,36.52,2025-05-24 09:31:20,2022-12-04
66,67,30049069,12.00,1,OTC,7,Iodex,Null,Null,Null,Null,Iodex UltraGel,YGYUC00,Iodex Ultragel 50g,Iodex Ultragel 50g,180.00,UN,72,0,1,147.16,2025-05-24 09:31:20,2022-12-04
67,68,30049011,12.00,1,OTC,8,Eno,Null,Null,Null,Null,Eno,YGERDR1,Eno Regular Jar 100g,Eno Regular Jar 100g,150.00,UN,48,0,1,125.00,2025-05-24 09:31:20,2022-12-04
68,69,30049011,12.00,1,OTC,8,Eno,Null,Null,Null,Null,Eno,YGELDR1,Eno Lemon Jar 100m,Eno Lemon Jar 100m,150.00,UN,48,0,1,125.00,2025-05-24 09:31:20,2022-12-04
69,70,30049011,12.00,1,OTC,8,Eno,Null,Null,Null,Null,Eno Orange,YGEODR1,Eno Orange Jar 100a,Eno Orange Jar 100a,150.00,UN,48,0,1,125.00,2025-05-24 09:31:20,2022-12-04
70,71,30049011,12.00,1,OTC,8,Eno,Null,Null,Null,Null,Eno jaljeera,YGEJA00,Eno Jaljeera 5g,Eno Jaljeera 5g,9.00,UN,2160,0,1,7.50,2025-05-24 09:31:20,2022-12-04
71,72,30049011,12.00,1,OTC,8,Eno,Null,Null,Null,Null,Eno Nimbu Masala,YGEKA00,Eno Nimbu Masala 5gm,Eno Nimbu Masala 5gm,9.00,UN,2160,0,1,7.50,2025-05-24 09:31:20,2022-12-04
72,73,30049011,12.00,1,OTC,8,Eno,Null,Null,Null,Null,Eno,YGELB00,ENO POWDER LEMON 1X5G SACHET,ENO POWDER LEMON 1X5G SACHET,9.00,UN,2160,0,1,7.50,2025-05-24 09:31:20,2022-12-04
73,74,30049011,12.00,1,OTC,8,Eno,Null,Null,Null,Null,Eno,YGERA00,ENO POWDER Regular 1X5G SACHET,ENO POWDER Regular 1X5G SACHET,9.00,UN,2160,0,1,7.50,2025-05-24 09:31:20,2022-12-04
74,75,30049011,12.00,1,OTC,8,Eno,Null,Null,Null,Null,Eno Orange,YGEOA00,ENO POWDER Orange 1X5G SACHET,ENO POWDER Orange 1X5G SACHET,9.00,UN,2160,0,1,7.50,2025-05-24 09:31:20,2022-12-04
75,76,30049011,12.00,1,OTC,8,Eno,Null,Null,Null,Null,Eno Cola,YGECA00,ENO Cola 1X5G SACHET,ENO Cola 1X5G SACHET,9.00,UN,2160,0,1,7.50,2025-05-24 09:31:20,2022-12-04
76,77,30045090,12.00,1,OTC,18,OS-Cal,Null,Null,Null,Null,Osto Plus,YGZPAR1,Ostocalcium Plus Tab - 30,Ostocalcium Plus Tab - 30,196.84,UN,120,0,1,160.92,2025-05-24 09:31:20,2022-12-04
77,78,30045090,12.00,1,OTC,18,OS-Cal,Null,Null,Null,Null,Osto_Susp,YGZSA00,Ostocalcium B12 Banana syrup 200ml,Ostocalcium B12 Banana syrup 200ml,166.73,UN,40,0,1,136.31,2025-05-24 09:31:20,2022-12-04
78,79,30045090,12.00,1,OTC,18,OS-Cal,Null,Null,Null,Null,Osto_Susp,YGZSB00,Ostocalcium B12 Lemon syrup 200ml,Ostocalcium B12 Lemon syrup 200ml,151.69,UN,40,0,1,124.01,2025-05-24 09:31:20,2022-12-04
79,80,30049069,12.00,1,OTC,19,Panadol-Analgesics,Null,Null,Null,Null,Crocin 650mg,YGCBB00,Crocin 650mg Tablet,Crocin 650mg Tablet,34.27,UN,400,0,1,28.02,2025-05-24 09:31:20,2022-12-04
80,82,30049069,12.00,1,OTC,19,Panadol-Analgesics,Null,Null,Null,Null,Solids+BPI,YGCAB00,Crocin Advance 500mg Tablet,Crocin Advance 500mg Tablet,22.62,UN,900,0,1,18.49,2025-05-24 09:31:20,2022-12-04
81,83,30049069,12.00,1,OTC,19,Panadol-Analgesics,Null,Null,Null,Null,Drops,YGCOA00,Crocin Drops Paed Pepermint 15ml,Crocin Drops Paed Pepermint 15ml,30.07,UN,225,0,1,24.58,2025-05-24 09:31:20,2022-12-04
82,84,30049069,12.00,1,OTC,19,Panadol-Analgesics,Null,Null,Null,Null,Susp 240,YGCDB00,Crocin 240 DS Paed Mixed fruit,Crocin 240 DS Paed Mixed fruit,86.38,UN,108,0,1,70.62,2025-05-24 09:31:20,2022-12-04
83,85,30049069,12.00,1,OTC,19,Panadol-Analgesics,Null,Null,Null,Null,Susp 120,YGCSB00,Crocin 120 Paed strawberry,Crocin 120 Paed strawberry,35.61,UN,108,0,1,29.11,2025-05-24 09:31:20,2022-12-04
84,86,33061020,18.00,2,OHC,16,Sensodyne Core Paste,Null,Null,Null,Null,Sens Rapid Relief,YGSRER1,Senso Rapid Relief paste 40 gm,Senso Rapid Relief paste 40 gm,100.00,UN,144,0,1,86.96,2025-05-24 09:31:20,2022-12-06
85,87,33061020,18.00,2,OHC,16,Sensodyne Core Paste,Null,Null,Null,Null,Sens Deep Clean,YGSDER1,Senso Deep Clean Paste 40 gm,Senso Deep Clean Paste 40 gm,85.00,UN,144,0,1,73.91,2025-05-24 09:31:20,2022-12-06
86,88,33061020,18.00,2,OHC,16,Sensodyne Core Paste,Null,Null,Null,Null,Sensodyne,YGSFER1,SENSODYNE 40G FRESHMINT,SENSODYNE 40G FRESHMINT,80.00,UN,144,0,1,69.57,2025-05-24 09:31:20,2022-12-06
87,89,33061020,18.00,2,OHC,16,Sensodyne Core Paste,Null,Null,Null,Null,Sensodyne,YGSGER1,SENSODYNE 40G FRESHGEL,SENSODYNE 40G FRESHGEL,80.00,UN,144,0,1,69.57,2025-05-24 09:31:20,2022-12-06
88,90,96032100,18.00,2,OHC,17,Sensodyne Core Brushes,Null,Null,Null,Null,Sensodyne Basil Brush,YGBBBR1,Senso Brush 6pc Hanger,Senso Brush 6pc Hanger,60.00,UN,144,0,1,44.44,2025-05-24 09:31:20,2022-12-21
89,91,96032100,18.00,2,OHC,17,Sensodyne Core Brushes,Null,Null,Null,Null,Sensodyne Basil Brush,YGBBDR1,Senso Brush 24Pc Counter Top Pack,Senso Brush 24Pc Counter Top Pack,60.00,UN,144,0,1,44.44,2025-05-24 09:31:20,2022-12-21
90,92,96032100,18.00,2,OHC,17,Sensodyne Core Brushes,Null,Null,Null,Null,Sensodyne Basil Brush,YGBBER1,Senso Brush 5+1 Free Hanger,Senso Brush 5+1 Free Hanger,300.00,UN,24,0,1,222.22,2025-05-24 09:31:20,2022-12-21
91,93,96032100,18.00,2,OHC,17,Sensodyne Core Brushes,Null,Null,Null,Null,Sens Eco Brush,YGBEAR1,Senso Eco Brush 10 + 2 Brush Free Hanger,Senso Eco Brush 10 + 2 Brush Free Hanger,350.00,UN,24,0,1,269.23,2025-05-24 09:31:20,2022-12-21
92,94,30049069,12.00,1,OTC,19,Panadol-Analgesics,Null,Null,Null,Null,Susp 240,YGCDA00,Crocin 240 DS Paed Mixed fruit 60 ml,Crocin 240 DS Paed Mixed fruit 60 ml,51.56,UN,144,0,1,42.15,2025-05-24 09:31:20,2022-12-21
93,95,30049069,12.00,1,OTC,19,Panadol-Analgesics,Null,Null,Null,Null,CPR,YGCPA00,CROCIN TABLET 650+50MG 15TABS PAIN REL,CROCIN TABLET 650+50MG 15TABS PAIN REL,65.73,UN,200,0,1,53.74,2025-05-24 09:31:20,2022-12-21
94,96,30049069,12.00,1,OTC,19,Panadol-Analgesics,Null,Null,Null,Null,Susp 120,YGCSA00,Crocin 120 Paed strawberry 60 ml,Crocin 120 Paed strawberry 60 ml,36.28,UN,144,0,1,29.66,2025-05-24 09:31:20,2022-12-21
95,97,30049011,12.00,1,OTC,8,Eno,Null,Null,Null,Null,Eno Ajwain,YGEAA00,ENO POWDER AJWAIN 1X5G SACHET_30,ENO POWDER AJWAIN 1X5G SACHET_30,10.00,UN,2160,0,1,8.33,2025-05-24 09:31:20,2022-12-21
96,98,30049011,12.00,1,OTC,8,Eno,Null,Null,Null,Null,Eno Cooling,YGEIC00,ENO POWDER LEMON 6X5G MULTIPACK,ENO POWDER LEMON 6X5G MULTIPACK,54.00,UN,144,0,1,45.00,2025-05-24 09:31:20,2022-12-21
97,99,30049011,12.00,1,OTC,8,Eno,Null,Null,Null,Null,Eno,YGELA00,ENO POWDER LEMON 1X5G SACHET_30,ENO POWDER LEMON 1X5G SACHET_30,10.00,UN,2160,0,1,8.33,2025-05-24 09:31:20,2022-12-21
98,100,30049011,12.00,1,OTC,8,Eno,Null,Null,Null,Null,Eno,YGELC00,ENO POWDER LEMON 6X5G SACHET MULTIPACK,ENO POWDER LEMON 6X5G SACHET MULTIPACK,54.00,UN,144,0,1,45.00,2025-05-24 09:31:20,2022-12-21
99,101,30049011,12.00,1,OTC,8,Eno,Null,Null,Null,Null,Eno,YGELD00,ENO POWDER LEMON 100 G BOTTLE,ENO POWDER LEMON 100 G BOTTLE,130.00,UN,48,0,1,108.33,2025-05-24 09:31:20,2022-12-21
100,102,30049011,12.00,1,OTC,8,Eno,Null,Null,Null,Null,Eno Mausambi,YGEMA00,ENO POWDER MAUSAMBI 1X5G SACHET_30,ENO POWDER MAUSAMBI 1X5G SACHET_30,9.00,UN,2160,0,1,7.50,2025-05-24 09:31:20,2022-12-21
101,103,30049011,12.00,1,OTC,8,Eno,Null,Null,Null,Null,Eno Cooling,YGENC00,ENO POWDER COOL MINT 6X5G MULTIPACK,ENO POWDER COOL MINT 6X5G MULTIPACK,54.00,UN,144,0,1,45.00,2025-05-24 09:31:20,2022-12-21
102,104,30049011,12.00,1,OTC,8,Eno,Null,Null,Null,Null,Eno Orange,YGEOD00,ENO ORANGE Bottle BOTTLE 100g,ENO ORANGE Bottle BOTTLE 100g,130.00,UN,48,0,1,108.33,2025-05-24 09:31:20,2022-12-21
103,105,30049011,12.00,1,OTC,8,Eno,Null,Null,Null,Null,Eno,YGERD00,ENO POWDER REGULAR BOTTLE 100g,ENO POWDER REGULAR BOTTLE 100g,150.00,UN,48,0,1,125.00,2025-05-24 09:31:20,2022-12-21
104,106,30049099,12.00,1,OTC,2,Otrivin,Null,Null,Null,Null,Otrinoz,YGOAC00,OTRIVIN AD NASAL SOL MOIST 0.1% 10ML,OTRIVIN AD NASAL SOL MOIST 0.1% 10ML,130.66,UN,240,0,1,105.84,2025-05-24 09:31:20,2022-12-21
105,107,30049099,12.00,1,OTC,2,Otrivin,Null,Null,Null,Null,Otrinoz,YGOBA00,OTRIVIN SL NASAL SOL MOIST 0.74% 10ML,OTRIVIN SL NASAL SOL MOIST 0.74% 10ML,62.68,UN,360,0,1,50.77,2025-05-24 09:31:20,2022-12-21
106,108,30049099,12.00,1,OTC,2,Otrivin,Null,Null,Null,Null,Otrinoz,YGOMA00,OTRIVIN PD NASAL SOL MOIST 0.1% 10ML,OTRIVIN PD NASAL SOL MOIST 0.1% 10ML,101.01,UN,240,0,1,81.82,2025-05-24 09:31:20,2022-12-21
107,109,33061020,18.00,2,OHC,16,Sensodyne Core Paste,Null,Null,Null,Null,Sensodyne Access,YGSAC00,SENSO FRESHMINT Paste 1X20G,SENSO FRESHMINT Paste 1X20G,25.00,UN,144,0,1,21.74,2025-05-24 09:31:20,2022-12-21
108,110,33061020,18.00,2,OHC,16,Sensodyne Core Paste,Null,Null,Null,Null,Sensodyne Access,YGSACR1,SENSO DAILY PROTECTION PASTE 1X20G,SENSO DAILY PROTECTION PASTE 1X20G,35.00,UN,144,0,1,30.43,2025-05-24 09:31:20,2022-12-21
109,111,33061020,18.00,2,OHC,16,Sensodyne Core Paste,Null,Null,Null,Null,Sens Deep Clean,YGSDE00,SENSO DEEP CLEAN Paste 40g,SENSO DEEP CLEAN Paste 40g,80.00,UN,144,0,1,69.57,2025-05-24 09:31:20,2022-12-21
110,112,33061020,18.00,2,OHC,16,Sensodyne Core Paste,Null,Null,Null,Null,Sensodyne,YGSGJ1A,SENSO PASTE FRESHGEL 1X150G TBFREE,SENSO PASTE FRESHGEL 1X150G TBFREE,220.00,UN,72,0,1,191.30,2025-05-24 09:31:20,2022-12-21
111,113,33061020,18.00,2,OHC,16,Sensodyne Core Paste,Null,Null,Null,Null,Sensodyne Herbal,YGSHF00,SENSO PASTE HERBAL 1X70G TUBE,SENSO PASTE HERBAL 1X70G TUBE,125.00,UN,72,0,1,108.70,2025-05-24 09:31:20,2022-12-21
112,114,33061020,18.00,2,OHC,16,Sensodyne Core Paste,Null,Null,Null,Null,Sensodyne Herbal,YGSHFR1,SENSODYNE PASTE HERBAL 1X70G,SENSODYNE PASTE HERBAL 1X70G,125.00,UN,72,0,1,108.70,2025-05-24 09:31:20,2022-12-21
113,115,33061020,18.00,2,OHC,16,Sensodyne Core Paste,Null,Null,Null,Null,Repair&Protect,YGSPIR1,SENSODYNE PASTE REPPROTECT 1X100G,SENSODYNE PASTE REPPROTECT 1X100G,210.00,UN,72,0,1,182.61,2025-05-24 09:31:20,2022-12-21
114,116,30049031,12.00,1,OTC,11,Triaminic,Null,Null,Null,Null,T-minic drops,YGTDBR1,T-MINIC ORAL DROPS 5+2MG 1X15ML,T-MINIC ORAL DROPS 5+2MG 1X15ML,93.17,UN,225,0,1,75.47,2025-05-24 09:31:20,2022-12-21
115,117,30049031,12.00,1,OTC,11,Triaminic,Null,Null,Null,Null,T-minic syrup,YGTSAR1,T-MINIC SYRUP 5+2MG 1X60ML,T-MINIC SYRUP 5+2MG 1X60ML,99.82,UN,120,0,1,80.86,2025-05-24 09:31:20,2022-12-21
116,118,30049011,12.00,1,OTC,7,Iodex,Null,Null,Null,Null,Iodex Bottle,YGYBA00,IODEX BALM 1X4G BOTTLE,IODEX BALM 1X4G BOTTLE,15.00,UN,1800,0,1,13.04,2025-05-24 09:31:20,2022-12-21
117,119,30049011,12.00,1,OTC,7,Iodex,Null,Null,Null,Null,Iodex Power Gel,YGYGF00,IODEX POWER GEL 1X10G,IODEX POWER GEL 1X10G,50.00,UN,144,0,1,43.48,2025-05-24 09:31:20,2022-12-21
118,120,30049011,12.00,1,OTC,7,Iodex,Null,Null,Null,Null,Iodex Spray,YGYSA00,IODEX RAPID ACTION SPRAY 1X35G,IODEX RAPID ACTION SPRAY 1X35G,140.00,UN,96,0,1,121.74,2025-05-24 09:31:20,2022-12-21
119,121,30049011,12.00,1,OTC,7,Iodex,Null,Null,Null,Null,Iodex Spray,YGYSD00,IODEX RAPID ACTION SPRAY 1X60G_CAN_2,IODEX RAPID ACTION SPRAY 1X60G_CAN_2,390.00,UN,24,0,1,339.14,2025-05-24 09:31:20,2022-12-21
120,122,30049069,12.00,1,OTC,7,Iodex,Null,Null,Null,Null,Idx Ultragel,YGYUE00,IODEX ULTRAGEL 1.16% 1X15G,IODEX ULTRAGEL 1.16% 1X15G,65.00,UN,144,0,1,53.14,2025-05-24 09:31:20,2022-12-21
121,123,30049069,12.00,1,OTC,7,Iodex,Null,Null,Null,Null,Idx Ultragel,YGYUF00,IODEX ULTRAGEL 1.16% 1X30G_6,IODEX ULTRAGEL 1.16% 1X30G_6,750.00,UN,24,0,1,613.15,2025-05-24 09:31:20,2022-12-21
122,124,30045090,18.00,1,OTC,18,OS-Cal,Null,Null,Null,Null,Osto Plus,YGZPA00,Ostocalcium Chewabl Mg 400IU Tabs 30,Ostocalcium Chewabl Mg 400IU Tabs 30,196.84,UN,120,0,1,160.92,2025-05-24 09:31:20,2022-12-21
123,125,30045090,18.00,1,OTC,18,OS-Cal,Null,Null,Null,Null,Osto Plus,YGZPAR2,OSTOCALCIUM CHEW ORANGE 30TAB BOTTLE,OSTOCALCIUM CHEW ORANGE 30TAB BOTTLE,178.95,UN,120,0,1,146.30,2025-05-24 09:31:20,2022-12-21
124,126,30045090,18.00,1,OTC,18,OS-Cal,Null,Null,Null,Null,Osto_Susp,YGZSBR1,OSTOCALCIUM SUSPENSION LEMON 1X200ML,OSTOCALCIUM SUSPENSION LEMON 1X200ML,137.90,UN,40,0,1,112.74,2025-05-24 09:31:20,2022-12-21
125,127,17049090,18.00,1,OTC,14,Centrum Gummies MVM,Null,Null,Null,Null,CENTRUM KIDS GROWTH FUEL,YGMGF00,Centrum Kids Growth Fuel Gummies 30,Centrum Kids Growth Fuel Gummies 30,780.00,UN,12,0,1,678.26,2025-05-24 09:31:20,2023-02-01
126,128,33069000,18.00,2,OHC,15,POLIDENT FIXATIVES,Null,Null,Null,Null,Polident,YGPFAR1,POLIDENT FIX CR 1 X 20 G_IN_REL,POLIDENT FIX CR 1 X 20 G_IN_REL,315.00,UN,48,0,1,273.91,2025-05-24 09:31:20,2023-03-23
"127, '134', '96032100', 18.00, '2', 'OHC', '6', 'Parodontax', 'Null', 'Null', 'Null', 'Null', 'PARODONTAX BRUSH', 'YGXBA00', 'Parodontax Brush (Single"
Single
"128, '135', '96032100', 18.00, '2', 'OHC', '6', 'Parodontax', 'Null', 'Null', 'Null', 'Null', 'PARODONTAX BRUSH', 'YGXBB00', 'Parodontax Brush (Pack of 3"
Pack of 3
129,136,21069099,18.00,1,OTC,18,OS-Cal,Null,Null,Null,Null,CENTRUM OSTOCALCIUM TOTAL CHEWABLE TABLETS,YGMPA00,Centrum OstoCalcium Total 60s,Centrum OstoCalcium Total 60s,475.00,UN,60,0,1,388.33,2025-05-24 09:31:20,2023-04-18
130,137,21069099,18.00,1,OTC,18,OS-Cal,Null,Null,Null,Null,Ostocalcium 30 tabs,YGMPD00,Centrum OstoCalcium Total 30s,Centrum OstoCalcium Total 30s,250.00,UN,120,0,1,204.38,2025-05-24 09:31:20,2023-04-18
131,138,21069099,18.00,1,OTC,18,OS-Cal,Null,Null,Null,Null,Ostocalcium 300 Suspension,YGMSB00,Centrum OstoCalcium 300 Suspension 200ml,Centrum OstoCalcium 300 Suspension 200ml,210.00,UN,40,0,1,171.68,2025-05-24 09:31:20,2023-04-18
132,139,30049011,12.00,1,OTC,8,Eno,Null,Null,Null,Null,Eno jaljeera,YGEJB00,ENO PWDR JALJEERA1X5G_SAC_JAR,ENO PWDR JALJEERA1X5G_SAC_JAR,450.00,UN,12,0,1,391.30,2025-05-24 09:31:20,2023-05-12
133,140,30049011,12.00,1,OTC,8,Eno,Null,Null,Null,Null,Eno Orange,YGEOC00,ENO PWDR ORNG+COLA1X5G_SAC_JAR,ENO PWDR ORNG+COLA1X5G_SAC_JAR,500.00,UN,12,0,1,434.78,2025-05-24 09:31:20,2023-05-12
134,141,96032100,18.00,2,OHC,17,Sensodyne Core Brushes,Null,Null,Null,Null,Complete Protection Brush,YGBXA00,Senso Complete Protection Brush 1,Senso Complete Protection Brush 1,110.00,UN,144,0,1,81.48,2025-05-24 09:31:20,2023-06-01
135,142,96032100,18.00,2,OHC,17,Sensodyne Core Brushes,Null,Null,Null,Null,Complete Protection Brush,YGBXB00,Senso Complete Protection Brush 2+1,Senso Complete Protection Brush 2+1,220.00,UN,144,0,1,162.96,2025-05-24 09:31:20,2023-06-01
136,143,21069099,18.00,1,OTC,21,Centrum Other,Null,Null,Null,Null,CENTRUM OMEGA 3,YGMOD00,CENTRUM OMEGA 3 FISH OIL 60,CENTRUM OMEGA 3 FISH OIL 60,999.00,UN,12,0,1,868.70,2025-05-24 09:31:20,2023-06-06
137,144,30049011,12.00,1,OTC,8,Eno,Null,Null,Null,Null,ENO Chewy Bites,YGEBL00,Eno Chewy Bites Lemon Tablet 10 pc,Eno Chewy Bites Lemon Tablet 10 pc,70.00,UN,120,0,1,60.87,2025-05-24 09:31:20,2023-06-23
138,145,30049011,12.00,1,OTC,8,Eno,Null,Null,Null,Null,ENO Chewy Bites,YGEBO00,Eno Chewy Bites Orange Tablet 10 pc,Eno Chewy Bites Orange Tablet 10 pc,70.00,UN,120,0,1,60.87,2025-05-24 09:31:20,2023-06-23
139,146,30049011,12.00,1,OTC,8,Eno,Null,Null,Null,Null,ENO Chewy Bites,YGEBR00,Eno Chewy Bites Orange Tablet 30 pc,Eno Chewy Bites Orange Tablet 30 pc,180.00,UN,48,0,1,156.52,2025-05-24 09:31:20,2023-06-23
140,147,30049011,12.00,1,OTC,8,Eno,Null,Null,Null,Null,ENO Chewy Bites,YGEBM00,Eno Chewy Bites Lemon Tablet 30 pc,Eno Chewy Bites Lemon Tablet 30 pc,180.00,UN,48,0,1,156.52,2025-05-24 09:31:20,2023-06-23
141,148,96032100,18.00,2,OHC,17,Sensodyne Core Brushes,Null,Null,Null,Null,SENSODYNE AQUAFRESH BRUSH,YGBQB00,AQUAFRESH LITTLE BUNNY BRUSH 1,AQUAFRESH LITTLE BUNNY BRUSH 1,100.00,UN,48,0,1,74.07,2025-05-24 09:31:20,2023-07-27
142,149,96032100,18.00,2,OHC,17,Sensodyne Core Brushes,Null,Null,Null,Null,SENSODYNE AQUAFRESH BRUSH,YGBQT00,AQUAFRESH LITTLE Tiger BRUSH 1,AQUAFRESH LITTLE Tiger BRUSH 1,100.00,UN,48,0,1,74.07,2025-05-24 09:31:20,2023-07-27
143,150,96032100,18.00,2,OHC,17,Sensodyne Core Brushes,Null,Null,Null,Null,SENSODYNE AQUAFRESH BRUSH,YGBQS00,AQUAFRESH LITTLE Shark BRUSH 1,AQUAFRESH LITTLE Shark BRUSH 1,100.00,UN,48,0,1,74.07,2025-05-24 09:31:20,2023-07-27
144,151,96032100,18.00,2,OHC,17,Sensodyne Core Brushes,Null,Null,Null,Null,SENSODYNE AQUAFRESH BRUSH,YGBQA00,AQUAFRESH LITTLE Aligator BRUSH 1,AQUAFRESH LITTLE Aligator BRUSH 1,100.00,UN,48,0,1,74.07,2025-05-24 09:31:20,2023-07-27
145,152,96032100,18.00,2,OHC,17,Sensodyne Core Brushes,Null,Null,Null,Null,SENSODYNE AQUAFRESH BRUSH,YGBQF00,AQUAFRESH ADULTFLEX Brush 2+1,AQUAFRESH ADULTFLEX Brush 2+1,140.00,UN,48,0,1,103.70,2025-05-24 09:31:20,2023-07-27
146,160,30049099,12.00,1,OTC,2,Otrivin,Null,Null,Null,Null,Otrivin Adult,YGOABI1,otrvn Adult NslSpry 10ml,otrvn Adult NslSpry 10ml,57.00,UN,240,0,1,46.17,2025-05-24 09:31:20,2023-08-21
147,164,33061020,18.00,2,OHC,16,Sensodyne Core Paste,Null,Null,Null,Null,Sens Deep Clean,YGSDF00,Sdyne Deep Clean 70g,Sdyne Deep Clean 70g,125.00,UN,72,0,1,108.70,2025-05-24 09:31:20,2023-08-21
148,165,33061020,18.00,2,OHC,16,Sensodyne Core Paste,Null,Null,Null,Null,Sensodyne,YGSFE00,SDYNE 40G FRESHMINT,SDYNE 40G FRESHMINT,70.00,UN,144,0,1,60.87,2025-05-24 09:31:20,2023-08-21
149,166,33061020,18.00,2,OHC,16,Sensodyne Core Paste,Null,Null,Null,Null,Sensodyne,YGSGG00,SDYNE FRESH GEL 75G TUBE,SDYNE FRESH GEL 75G TUBE,110.00,UN,72,0,1,95.65,2025-05-24 09:31:20,2023-08-21
150,169,33061020,18.00,2,OHC,16,Sensodyne Core Paste,Null,Null,Null,Null,Repair&Protect,YGSPF00,REPAIR&PROTECT 70G TUBE,REPAIR&PROTECT 70G TUBE,175.00,UN,72,0,1,152.17,2025-05-24 09:31:20,2023-08-21
151,170,33061020,18.00,2,OHC,16,Sensodyne Core Paste,Null,Null,Null,Null,Repair&Protect,YGSPFR1,SENSO PASTE REPPROTECT 1X70G,SENSO PASTE REPPROTECT 1X70G,175.00,UN,72,0,1,152.17,2025-05-24 09:31:20,2023-08-21
152,171,33061020,18.00,2,OHC,16,Sensodyne Core Paste,Null,Null,Null,Null,Repair&Protect,YGSPI00,R&P100G TUBE 100G,R&P100G TUBE 100G,210.00,UN,72,0,1,182.61,2025-05-24 09:31:20,2023-08-21
153,173,33061020,18.00,2,OHC,16,Sensodyne Core Paste,Null,Null,Null,Null,Sens Rapid Relief,YGSRE00,Sdyne 40g Rapid Rlf,Sdyne 40g Rapid Rlf,90.00,UN,144,0,1,78.26,2025-05-24 09:31:20,2023-08-21
154,174,33061020,18.00,2,OHC,16,Sensodyne Core Paste,Null,Null,Null,Null,Sens Rapid Relief,YGSRH00,SDYNE 80G RAPID RLF,SDYNE 80G RAPID RLF,160.00,UN,72,0,1,139.13,2025-05-24 09:31:20,2023-08-21
155,175,33061020,18.00,2,OHC,16,Sensodyne Core Paste,Null,Null,Null,Null,Sens Whitening,YGSWF00,SDYNE WHTNG 70G TUBE,SDYNE WHTNG 70G TUBE,130.00,UN,72,0,1,113.04,2025-05-24 09:31:20,2023-08-21
156,178,30049011,12.00,1,OTC,8,Eno,Null,Null,Null,Null,,YGEBG00,ENO CHEWY ZESTY ORNG1X55+5 FREE_PILLOWPK,ENO CHEWY ZESTY ORNG1X55+5 FREE_PILLOWPK,440.00,UN,20,0,1,382.61,2025-05-24 09:31:20,2023-08-31
157,179,30049011,12.00,1,OTC,8,Eno,Null,Null,Null,Null,,YGEBN00,ENO CHEWY TANGY LEMN1X55+5 FREE_PILLOWPK,ENO CHEWY TANGY LEMN1X55+5 FREE_PILLOWPK,440.00,UN,20,0,1,382.61,2025-05-24 09:31:20,2023-08-31
158,180,96032100,18.00,2,OHC,17,Sensodyne Core Brushes,Null,Null,Null,Null,,YGBMA00,SENSODYNE BRUSH MULTI CARE 1BRUSH,SENSODYNE BRUSH MULTI CARE 1BRUSH,80.00,UN,144,0,1,59.26,2025-05-24 09:31:20,2023-08-31
159,181,96032100,18.00,2,OHC,17,Sensodyne Core Brushes,Null,Null,Null,Null,,YGBMB00,SENSODYNE BRUSH MULTI CARE 2+1_BRSH_FREE,SENSODYNE BRUSH MULTI CARE 2+1_BRSH_FREE,160.00,UN,144,0,1,118.52,2025-05-24 09:31:20,2023-08-31
160,182,96032100,18.00,2,OHC,17,Sensodyne Core Brushes,Null,Null,Null,Null,Sensodyne Basil Brush,YGBBA0A,Senso Sensitive brush + 14gm FM paste CP,Senso Sensitive brush + 14gm FM paste CP,65.00,UN,144,0,1,48.15,2025-05-24 09:31:20,2023-09-14
161,183,17049090,18.00,1,OTC,21,Centrum Other,Null,Null,Null,Null,,YGMHD00,CENTRUM HEALTHY HAIR BIOTIN+ 1X30_BOTTLE,CENTRUM HEALTHY HAIR BIOTIN+ 1X30_BOTTLE,550.00,UN,12,0,1,478.26,2025-05-24 09:31:20,2023-09-14
162,184,30049069,12.00,1,OTC,7,Iodex,Null,Null,Null,Null,,YGYLB00,IODEX ULTRAGEL+ 2% 1X30G,IODEX ULTRAGEL+ 2% 1X30G,140.00,UN,144,0,1,114.45,2025-05-24 09:31:20,2023-09-15
163,185,30049069,12.00,1,OTC,7,Iodex,Null,Null,Null,Null,,YGYLD00,IODEX ULTRAGEL+ 2% 1X15G_SRP,IODEX ULTRAGEL+ 2% 1X15G_SRP,420.00,UN,24,0,1,343.36,2025-05-24 09:31:20,2023-09-15
164,186,30049099,12.00,1,OTC,19,Panadol-Analgesics,Null,Null,Null,Null,,YGCTA00,CROCIN LOZENGS ORNG18+4 FREE_BLSTR_JARPK,CROCIN LOZENGS ORNG18+4 FREE_BLSTR_JARPK,630.00,UN,12,0,1,547.83,2025-05-24 09:31:20,2023-09-27
165,187,96032100,18.00,2,OHC,4,Sensodyne Brush,Null,Null,Null,Null,,YGBGC00,SENSODYNE BRUSH GENTLE CARE 1+1BRSH_FREE,SENSODYNE BRUSH GENTLE CARE 1+1BRSH_FREE,140.00,UN,144,0,1,103.70,2025-05-24 09:31:20,2023-10-03
166,188,33069000,18.00,2,OHC,22,Sensodyne Mouthwash,Null,Null,Null,Null,,YGSOX00,SENSO COMPLET PROTECT+ MOUTHWASH 1X250ml,SENSO COMPLET PROTECT+ MOUTHWASH 1X250ml,230.00,UN,24,0,1,200.00,2025-05-24 09:31:20,2023-10-12
167,189,30049099,12.00,1,OTC,2,Otrivin,Null,Null,Null,Null,,YGOEA00,OTRIVIN ADVANCE OXYMETAZOLIN 0.05%1X10ML,OTRIVIN ADVANCE OXYMETAZOLIN 0.05%1X10ML,240.00,UN,40,0,1,194.41,2025-05-24 09:31:20,2023-10-16
168,190,21069099,18.00,1,OTC,14,Centrum Gummies MVM,Null,Null,Null,Null,,YGMYA00,CENTRUM KIDS NUTRITION POWDER 1X200G_BIB,CENTRUM KIDS NUTRITION POWDER 1X200G_BIB,270.00,UN,48,0,1,241.07,2025-05-24 09:31:20,2023-11-07
169,191,21069099,18.00,1,OTC,14,Centrum Gummies MVM,Null,Null,Null,Null,,YGMYB00,CENTRUM KIDS NUTRITION POWDER 1X400G_BIB,CENTRUM KIDS NUTRITION POWDER 1X400G_BIB,495.00,UN,24,0,1,441.96,2025-05-24 09:31:20,2023-11-07
170,192,21069099,18.00,1,OTC,13,Centrum Adult MVM,Null,Null,Null,Null,,YGMXA00,CENTRUM MEN NUTRITION POWDER 1X200G_BIB,CENTRUM MEN NUTRITION POWDER 1X200G_BIB,270.00,UN,48,0,1,241.07,2025-05-24 09:31:20,2023-11-07
171,193,21069099,18.00,1,OTC,13,Centrum Adult MVM,Null,Null,Null,Null,,YGMXB00,CENTRUM MEN NUTRITION POWDER 1X400G_BIB,CENTRUM MEN NUTRITION POWDER 1X400G_BIB,495.00,UN,24,0,1,441.96,2025-05-24 09:31:20,2023-11-07
172,194,21069099,18.00,1,OTC,13,Centrum Adult MVM,Null,Null,Null,Null,,YGMCA00,CENTRUM WOMEN NUTRITION PWDER 1X200G_BIB,CENTRUM WOMEN NUTRITION PWDER 1X200G_BIB,270.00,UN,48,0,1,241.07,2025-05-24 09:31:20,2023-11-07
173,195,21069099,18.00,1,OTC,13,Centrum Adult MVM,Null,Null,Null,Null,,YGMCB00,CENTRUM WOMEN NUTRITION PWDER 1X400G_BIB,CENTRUM WOMEN NUTRITION PWDER 1X400G_BIB,495.00,UN,24,0,1,441.96,2025-05-24 09:31:20,2023-11-07
174,196,17049090,18.00,1,OTC,13,Centrum Adult MVM,Null,Null,Null,Null,,YGMTD00,CENTRUM MEN MULTIGUMMIES 1X30_BOTTLE,CENTRUM MEN MULTIGUMMIES 1X30_BOTTLE,650.00,UN,24,0,1,565.22,2025-05-24 09:31:20,2023-11-08
175,197,17049090,18.00,1,OTC,13,Centrum Adult MVM,Null,Null,Null,Null,,YGMUD00,CENTRUM WOMEN MULTIGUMMIES 1X30_BOTTLE,CENTRUM WOMEN MULTIGUMMIES 1X30_BOTTLE,650.00,UN,24,0,1,565.22,2025-05-24 09:31:20,2023-11-08
176,198,21069099,18.00,1,OTC,13,Centrum Adult MVM,Null,Null,Null,Null,,YGMMC00,CENTRUM MEN TABLET ADULT 1X10_BLISTER,CENTRUM MEN TABLET ADULT 1X10_BLISTER,160.00,UN,72,0,1,139.13,2025-05-24 09:31:20,2023-11-20
177,199,21069099,18.00,1,OTC,13,Centrum Adult MVM,Null,Null,Null,Null,,YGMWC00,CENTRUM WOMEN TABLET ADULT 1X10_BLISTER,CENTRUM WOMEN TABLET ADULT 1X10_BLISTER,165.00,UN,72,0,1,143.48,2025-05-24 09:31:20,2023-11-20
178,200,21069099,18.00,1,OTC,13,Centrum Adult MVM,Null,Null,Null,Null,,YGMAC00,CENTRUM SILVER TABLET ADULT 1X10_BLISTER,CENTRUM SILVER TABLET ADULT 1X10_BLISTER,165.00,UN,72,0,1,143.48,2025-05-24 09:31:20,2023-11-20
179,201,30049011,12.00,1,OTC,7,Iodex,Null,Null,Null,Null,,YGIBC00,Iodex 16gm New 16g,Iodex 16gm New 16g,88.00,UN,240,0,1,76.52,2025-05-24 09:31:20,2023-12-12
180,204,96032100,18.00,2,OHC,4,Sensodyne Brush,Null,Null,Null,Null,,YGBPA00,SdyneExprt TthBrsh 19.8g,SdyneExprt TthBrsh 19.8g,100.00,UN,144,0,1,74.07,2025-05-24 09:31:20,2023-12-12
181,205,96032100,18.00,2,OHC,4,Sensodyne Brush,Null,Null,Null,Null,,YGBPB00,SntpPrmExprt Tbrush59.4g,SntpPrmExprt Tbrush59.4g,200.00,UN,144,0,1,148.15,2025-05-24 09:31:20,2023-12-12
182,206,33069000,18.00,2,OHC,22,Sensodyne Mouthwash,Null,Null,Null,Null,,YGSOY00,SENSO COMPLET PROTECT+ MOUTHWASH 1X100m,SENSO COMPLET PROTECT+ MOUTHWASH 1X100m,130.00,UN,36,0,1,113.04,2025-05-24 09:31:20,2023-12-19
183,207,33061020,18.00,2,OHC,16,Sensodyne Core Paste,Null,Null,Null,Null,,YGSFS00,SENSODYNE FRESH MINT TP 2X150G,SENSODYNE FRESH MINT TP 2X150G,410.00,UN,36,0,1,356.52,2025-05-24 09:31:20,2023-12-19
184,208,33061020,18.00,2,OHC,16,Sensodyne Core Paste,Null,Null,Null,Null,,YGSGS00,SENSODYNE PASTE FRESH GEL 2X150G,SENSODYNE PASTE FRESH GEL 2X150G,410.00,UN,36,0,1,356.52,2025-05-24 09:31:20,2023-12-19
185,209,30049069,12.00,1,OTC,7,Iodex,Null,Null,Null,Null,,YGYLC00,IODEX ULTRAGEL+ 2% 1X50G,IODEX ULTRAGEL+ 2% 1X50G,190.00,UN,72,0,1,155.33,2025-05-24 09:31:20,2024-01-16
186,210,30049011,12.00,9,ENO,8,Eno,Null,Null,Null,Null,,YGEBA00,ENO CHEWY ZESTY ORANGE 1X15_PILLOWPOUCH,ENO CHEWY ZESTY ORANGE 1X15_PILLOWPOUCH,120.00,UN,48,0,1,104.35,2025-05-24 09:31:20,2024-03-12
"187, '211', '96032100', 18.00, '4', 'Oral Care', '4', 'Sensodyne Brush', 'Null', 'Null', 'Null', 'Null', '', 'YGBBD00', 'SENSODYNE BRUSH SENSITIVE 1BRUSH_(24"
24
188,212,17049090,18.00,8,Vitamins & Minerals,1,Centrum,Null,Null,Null,Null,,YGMEB00,CENTRUM ENERGY DE-STRESS GUMMIES1X30_BOT,CENTRUM ENERGY DE-STRESS GUMMIES1X30_BOT,699.00,UN,12,0,1,607.83,2025-05-24 09:31:20,2024-03-18
189,213,30049011,12.00,9,ENO,8,Eno,Null,Null,Null,Null,,YGEBE00,ENO CHEWY TANGY LEMON 1X15_ PILLOWPOUCH,ENO CHEWY TANGY LEMON 1X15_ PILLOWPOUCH,120.00,UN,48,0,1,104.35,2025-05-24 09:31:20,2024-03-22
190,214,30049099,12.00,1,OTC,2,Otrivin,Null,Null,Null,Null,,YGOSBI1,OTRIVIN NR NASAL SOL 0.1% 1X10ML,OTRIVIN NR NASAL SOL 0.1% 1X10ML,53.24,UN,240,0,1,47.54,2025-05-24 09:31:20,2024-05-14
191,215,96032100,18.00,2,OHC,4,Sensodyne Brush,Null,Null,Null,Null,,YGBDA00,SENSODYNE BRUSH DEEPCLEAN 1BRUSH,SENSODYNE BRUSH DEEPCLEAN 1BRUSH,75.00,UN,144,0,1,63.56,2025-05-24 09:31:20,2024-05-14
192,216,30049011,12.00,1,OTC,7,Iodex,Null,Null,Null,Null,Iodex Power Gel,YGYBD0A,IODEX BALM 1X40G_BOTTL+10G_POWERGEL_FREE,IODEX BALM 1X40G_BOTTL+10G_POWERGEL_FREE,160.00,UN,96,0,1,142.86,2025-05-24 09:31:20,2024-05-14
193,217,33061020,18.00,2,OHC,5,Sensodyne Paste,Null,Null,Null,Null,,YGSAT00,SENSODYNE DAILY PROTECTION TP 288 X 20G,SENSODYNE DAILY PROTECTION TP 288 X 20G,220.00,UN,24,0,1,200.00,2025-05-24 09:31:20,2024-05-14
194,218,30044920,12.00,5,Pain Relief,0,0,Null,Null,Null,Null,Crocin Cold & Flu,YGCFA00,CROCIN COLDFLU 500MG 15TABLETS,CROCIN COLDFLU 500MG 15TABLETS,60.31,UN,400,0,1,53.85,2025-05-24 09:31:20,2024-05-27
195,219,30049011,12.00,1,OTC,8,Eno,Null,Null,Null,Null,,YGEZD00,ENO PWD JEERA & AJWAIN 1X5G SACHT_50+10,ENO PWD JEERA & AJWAIN 1X5G SACHT_50+10,500.00,UN,16,0,1,434.78,2025-05-24 09:31:20,2024-05-28
196,220,30049011,12.00,1,OTC,8,Eno,Null,Null,Null,Null,,YGEZC00,ENO POWDER JEERA&AJWAIN 1X5G SACHET_27+3,ENO POWDER JEERA&AJWAIN 1X5G SACHET_27+3,270.00,UN,36,0,1,234.78,2025-05-24 09:31:20,2024-06-11
197,221,30049011,12.00,1,OTC,8,Eno,Null,Null,Null,Null,,YGEZA00,ENO POWDER JEERA & AJWAIN 6X5G SACHET,ENO POWDER JEERA & AJWAIN 6X5G SACHET,60.00,UN,144,0,1,52.17,2025-05-24 09:31:20,2024-06-11
198,222,30049099,12.00,1,OTC,2,Otrivin,Null,Null,Null,Null,Otrinoz,YGOAAI1,OTRINOZ AD NASAL SOL 0.1% 1X10ML,OTRINOZ AD NASAL SOL 0.1% 1X10ML,89.25,UN,240,0,1,64.36,2025-05-24 09:31:20,2024-06-17
199,223,30045039,12.00,5,Pain Relief,0,0,Null,Null,Null,Null,,YGDDBI1,SANDOCAL TABLET 500MG 30TABLETS,SANDOCAL TABLET 500MG 30TABLETS,223.30,UN,60,0,1,162.51,2025-05-24 09:31:20,2024-06-19
200,224,33061020,18.00,2,OHC,5,Sensodyne Paste,Null,Null,Null,Null,,YGSRM00,SENSODYNE PASTE RAPID RELIEF 2X80G TUBE,SENSODYNE PASTE RAPID RELIEF 2X80G TUBE,380.00,UN,36,0,1,330.43,2025-05-24 09:31:20,2024-07-09
201,225,33061020,18.00,2,OHC,5,Sensodyne Paste,Null,Null,Null,Null,,YGSPS00,SENSODYNE PASTE REPAIR PROTCT2X100G_TUBE,SENSODYNE PASTE REPAIR PROTCT2X100G_TUBE,485.00,UN,36,0,1,421.74,2025-05-24 09:31:20,2024-07-09
202,226,33069000,18.00,2,OHC,23,Paste,Null,Null,Null,Null,Polident,YGPFAR2,POLIDENT DENTURE CREAM 1X20G_IN_REL,POLIDENT DENTURE CREAM 1X20G_IN_REL,315.00,UN,48,0,1,273.91,2025-05-24 09:31:20,2024-07-17
203,227,30044920,12.00,1,OTC,19,Panadol-Analgesics,Null,Null,Null,Null,,YGNPA00,PANADOL 650MG 1X15_TABLETS,PANADOL 650MG 1X15_TABLETS,79.53,UN,72,0,1,66.28,2025-05-24 09:31:20,2024-07-17
204,228,30049069,12.00,1,OTC,7,Iodex,Null,Null,Null,Null,,YGYLA00,IODEX ULTRAGEL+ 2% 1X15G,IODEX ULTRAGEL+ 2% 1X15G,70.00,UN,144,0,1,58.33,2025-05-24 09:31:20,2024-07-25
205,229,21069099,18.00,1,OTC,13,Centrum Adult MVM,Null,Null,Null,Null,,YGMJA00,CENTRUM ADULT JOINT CAPSULES1X10_BLISTER,CENTRUM ADULT JOINT CAPSULES1X10_BLISTER,850.00,UN,24,0,1,739.13,2025-05-24 09:31:20,2024-08-05
206,230,33061020,18.00,2,OHC,5,Sensodyne Paste,Null,Null,Null,Null,,YGSAV00,SENSODYNE DAILY PROTECTION TP 288 X 20G,SENSODYNE DAILY PROTECTION TP 288 X 20G,20.00,UN,288,0,1,18.18,2025-05-24 09:31:20,2024-09-25
207,231,33061020,18.00,2,OHC,16,Sensodyne Core Paste,Null,Null,Null,Null,Sensodyne Complete,YGSXFA1,SENSODYNE COMPLETE PROTECT+ 1X70G TBFREE,SENSODYNE COMPLETE PROTECT+ 1X70G TBFREE,205.00,UN,72,0,1,178.26,2025-05-24 09:31:20,2024-09-25
208,232,30049099,12.00,1,OTC,19,Panadol-Analgesics,Null,Null,Null,Null,,YGCTG00,CROCIN LOZENG GINGR MULETHI18+4_STRP_JAR,CROCIN LOZENG GINGR MULETHI18+4_STRP_JAR,630.00,UN,12,0,1,547.83,2025-05-24 09:31:20,2024-11-06
209,233,33061020,18.00,2,OHC,6,Parodontax,Null,Null,Null,Null,Parodontax,YGXFBA1,PARODONTAX TP FLUORIDE 1X75G+TB COMBI,PARODONTAX TP FLUORIDE 1X75G+TB COMBI,165.00,UN,72,0,1,143.48,2025-05-24 09:31:20,2024-11-06
210,234,33061020,18.00,2,OHC,6,Parodontax,Null,Null,Null,Null,Parodontax,YGXUBA1,PARODONTAX TP ULTRACLEAN 1X75G+TBCOMBI,PARODONTAX TP ULTRACLEAN 1X75G+TBCOMBI,165.00,UN,72,0,1,143.48,2025-05-24 09:31:20,2024-11-06
211,235,30049011,12.00,1,OTC,7,Iodex,Null,Null,Null,Null,,YGYAC00,IODEX ACTIVE MUSCLE CARE CREAM 1X16G,IODEX ACTIVE MUSCLE CARE CREAM 1X16G,50.00,UN,240,0,1,41.67,2025-05-24 09:31:20,2024-11-19
212,236,30049099,12.00,1,OTC,2,Otrivin,Null,Null,Null,Null,,YGOBB00,OTRIVIN SL NASAL SOL MOI 0.74% 1X20ML,OTRIVIN SL NASAL SOL MOI 0.74% 1X20ML,64.35,UN,120,0,1,53.63,2025-05-24 09:31:20,2024-11-19
213,237,30049069,12.00,1,OTC,9,Crocin,Null,Null,Null,Null,,YGCBBA1,CROCIN 650MG 21+4_FREE_STRIPS_DISPENSER,CROCIN 650MG 21+4_FREE_STRIPS_DISPENSER,708.96,UN,16,0,1,590.80,2025-05-24 09:31:20,2024-11-19
214,238,30049039,12.00,1,OTC,2,Otrivin,Null,Null,Null,Null,,YGOPX00,OTRIVIN PD OXY NASAL SOL 0.025% 1X10ML,OTRIVIN PD OXY NASAL SOL 0.025% 1X10ML,89.00,UN,360,0,1,74.17,2025-05-24 09:31:20,2024-11-19
215,239,30049011,12.00,1,OTC,7,Iodex,Null,Null,Null,Null,,YGYAB00,IODEX GEL NON MEDICATED 1X8G,IODEX GEL NON MEDICATED 1X8G,35.00,UN,384,0,1,29.17,2025-05-24 09:31:20,2024-12-12
216,240,21069099,18.00,1,OTC,18,OS-Cal,Null,Null,Null,Null,CENTRUM OSTOCALCIUM TOTAL CHEWABLE TABLETS,YGMPE00,CENTRUM OSTOCAL CHEWABLE 5X10PCS_BLISTER,CENTRUM OSTOCAL CHEWABLE 5X10PCS_BLISTER,450.00,UN,20,0,1,375.00,2025-05-24 09:31:20,2025-01-30
217,241,30049099,12.00,1,OTC,9,Crocin,Null,Null,Null,Null,,YGCTB00,CROCIN LOZENGES ORANGE 1X10_BLISTER_PACK,CROCIN LOZENGES ORANGE 1X10_BLISTER_PACK,35.00,UN,100,0,1,30.43,2025-05-24 09:31:20,2025-02-03
218,242,33061020,18.00,2,OHC,5,Sensodyne Paste,Null,Null,Null,Null,Sensodyne,YGSRH1A,SENSODYNE PASTE R-RELIEF1X80G 1TBFRE_REL,SENSODYNE PASTE R-RELIEF1X80G 1TBFRE_REL,210.00,UN,72,0,1,182.61,2025-05-24 09:31:20,2025-02-07
219,243,33061020,18.00,2,OHC,16,Sensodyne Core Paste,Null,Null,Null,Null,Sensodyne,YGSFQ00,SENSODYNE FRESH MINT 2X125G TOOTHPASTE,SENSODYNE FRESH MINT 2X125G TOOTHPASTE,425.00,UN,36,0,1,369.57,2025-05-24 09:31:20,2025-02-14
220,244,33061020,18.00,2,OHC,5,Sensodyne Paste,Null,Null,Null,Null,,YGSGQ00,SENSODYNE FRESH GEL 2X125G TOOTHPASTE,SENSODYNE FRESH GEL 2X125G TOOTHPASTE,425.00,UN,36,0,1,369.57,2025-05-24 09:31:20,2025-02-14
221,245,21069099,18.00,1,OTC,1,Centrum,Null,Null,Null,Null,,YGM2K00,CENTRUM RECHARG PWDR KIDS ORANGE6X5G_SAC,CENTRUM RECHARG PWDR KIDS ORANGE6X5G_SAC,60.00,UN,144,0,1,52.17,2025-05-24 09:31:20,2025-03-17
222,246,21069099,18.00,1,OTC,1,Centrum,Null,Null,Null,Null,,YGM2O00,CENTRUM RECHARGE PWDR ORANGE 6X5G SACHET,CENTRUM RECHARGE PWDR ORANGE 6X5G SACHET,60.00,UN,144,0,1,52.17,2025-05-24 09:31:20,2025-03-17
223,247,30049011,12.00,1,OTC,8,Eno,Null,Null,Null,Null,Eno Cola,YGECS00,ENO POWDER COLA 6X5G SIX_SAC PACK,ENO POWDER COLA 6X5G SIX_SAC PACK,60.00,UN,144,0,1,50.00,2025-05-24 09:31:20,2025-03-31
224,248,30049011,12.00,1,OTC,8,Eno,Null,Null,Null,Null,Eno Orange,YGEOS00,ENO POWDER ORANGE 6X5G SIX_SAC PACK,ENO POWDER ORANGE 6X5G SIX_SAC PACK,60.00,UN,144,0,1,50.00,2025-05-24 09:31:20,2025-03-31
225,249,30049011,12.00,1,OTC,8,Eno,Null,Null,Null,Null,Eno,YGERS00,ENO POWDER REGULAR 6X5G SIX_SAC PACK,ENO POWDER REGULAR 6X5G SIX_SAC PACK,60.00,UN,144,0,1,50.00,2025-05-24 09:31:20,2025-03-31
"226, '250', '30049011', 12.00, '1', 'OTC', '7', 'Iodex', 'Null', 'Null', 'Null', 'Null', '', 'YGYAE00', 'IODEX ACTIVE MUSCLE CARE 1X8G_JAR_(11+1"
11+1
227,251,33069000,18.00,2,OHC,6,Parodontax,Null,Null,Null,Null,Parodontax,YGXMA00,PARODONTAX MOUTHWASH 1X100ML,PARODONTAX MOUTHWASH 1X100ML,120.00,UN,36,0,1,104.35,2025-05-24 09:31:20,2025-05-06
228,252,30049069,12.00,1,OTC,9,Crocin,Null,Null,Null,Null,,YGCRA00,CROCIN LIQUID MAX SUSPENSION 1X60ML_BOT,CROCIN LIQUID MAX SUSPENSION 1X60ML_BOT,80.00,UN,144,0,1,66.67,2025-05-24 09:31:20,2025-05-08
