Distributor Name,Display Category,Product Erp Id,ProductId,SKU Name,CompanyId,Pcs/Box,IsActive,Current Stock In Case,Current Stock In Pcs,CurrentStock_SuperUnit_,Total Current Stock in Pcs,PendingOrderQtyInCase,PendingOrderPcs,Pending Order Super Unit,Total Pending Order _Unit_,InTransitInboundQtyInCase,InTransitInboundQtyInPcs,In Transit Inbound Qty in Super Unit,InTransitInboundTotalPcs,Damaged Qty In Case,Damaged Qty In Pcs,Damaged Qty in Super Unit,Damaged Total Pcs,Expired Qty In Case,Expired Qty In Pcs,Expired Qty in Super Unit,ExpiredTotalPcs,Mfg Date,Exp Date,Days to Expire,Shelf Life %,Price/Pcs,MRP,Total Value,Total Volume,Alternate Category,Product Attribute Text 1,Product Attribute Text 2,Distributor Erp Id
SAWARIYA TRADING 41496,Nimbu Masala MRP 20,FD061800650650000D,895,Nimbu Masala MRP 20|65 GM*6.5 KG,111290,100,Yes,0,0,0,0,0,0,0,0,0,0,0,0,0,0,0,0,0,30,1.950585176,30,19/11/24,19/03/25,-133,-1.108333333,13.632,20,0,0,Sev Namkeen,Nimbu Masala,Nimbu Masala,460307
SAWARIYA TRADING 41496,Roll Cream Cone MRP 15,FA079200300288000D,717,Cream Cone 30 GM*2.88 KG,111290,96,Yes,5,0,14.40144014,480,0,0,0,0,0,0,0,0,0,0,0,0,1,90,5.580558056,186,13/05/25,13/05/26,287,0.78630137,9.504733333,15,4562.016,136.8818482,Roll,Roll,Roll,460307
SAWARIYA TRADING 41496,All In One MRP 10,FD012600360907200D,959,All In One MRP 10|36GM*9.072KG,111290,252,Yes,6,0,54.42764579,1512,0,0,0,0,0,0,0,0,0,0,0,0,0,0,0,0,12/07/25,09/11/25,102,0.85,7.009078261,10,10597.9104,381.4876289,Mix/Chivra/Chanachur,All In One,All In One,460307
SAWARIYA TRADING 41496,Panga Teekha Achari MRP 10,FI350600380456003D,1634,Panga Teekha Achari MRP 10|38 GM*4.56 KG,111290,120,Yes,0,84,3.191489362,84,0,0,0,0,0,0,0,0,0,0,0,0,0,0,0,0,10/05/25,07/09/25,39,0.325,7.2561,10,609.5124,23.15776596,Bridges,Panga,Panga Teekha Achari,460307
SAWARIYA TRADING 41496,Whoopies Cheezi Ball MRP 10,FI091200420504001D,1933,Whoopies Cheezi Ball 42 GM*5.04 KG,111290,120,Yes,1,90,8.819823604,210,0,0,0,0,0,0,0,0,0,0,0,0,0,0,0,0,24/05/25,26/10/25,88,0.567741935,7.256047826,10,1523.781,63.99706188,Extruded,Whoopies,Whoopies Cheezi Ball,460307
SAWARIYA TRADING 41496,Popcorn salted MRP 10,FI564600180216000D,1829,Popcorn Salted MRP 10|18GM*2.16KG,111290,120,Yes,0,20,0.359971202,20,0,0,0,0,0,0,0,0,0,0,0,0,0,0,0,0,17/06/25,17/06/26,322,0.882191781,6.2974,10,125.17,2.266882649,Extruded,Popcorn,Pop Corn-Salted,460307
SAWARIYA TRADING 41496,Popcorn Butter MRP 10,FI008400180216000D,1815,Popcorn Butter MRP 10|18GM*2.16KG,111290,120,Yes,0,20,0.359971202,20,0,0,0,0,0,0,0,0,0,0,0,0,0,0,0,0,31/05/25,31/05/26,305,0.835616438,6.30512,10,125.17,2.269661627,Extruded,Popcorn,Pop Corn Butter,460307
SAWARIYA TRADING 41496,Mexilla Sweet Thai Chilli MRP 10,FI058500400480001D,2025,Mexilla Sweet Thai Chilli 40 GM * 4.8 KG,111290,120,Yes,16,30,78,1950,0,0,0,0,0,0,0,0,0,0,0,0,0,0,0,0,06/07/25,03/11/25,96,0.8,6.675726316,10,13017.42,520.7066526,Mexilla,Mexilla,Mexilla Sweet Thai Chilli,460307
SAWARIYA TRADING 41496,Peeloz Choco Block-30-Gm,FI067200250500001D,2337,Peeloz Choco Block 25 GM * 5 KG,111290,200,Yes,0,190,4.75,190,0,0,0,0,0,0,0,0,0,0,0,0,0,0,0,0,23/06/25,23/06/26,328,0.898630137,6.3361,10,1203.859,30.096475,Confectionery,Peeloz,Peeloz Choco Block,460307
SAWARIYA TRADING 41496,Dal Biji MRP 10,FD572400381094400D,781,Shahi Dal Biji MRP 10|38GM*10.944KG,111290,288,Yes,5,227,63.33586626,1667,0,0,0,0,0,0,0,0,0,0,0,0,0,0,0,0,20/07/25,17/11/25,110,0.916666667,7.009107692,10,11684.3364,443.9279074,Mixture-Premium,Shahi Dal Biji,Shahi Dal Biji,460307
SAWARIYA TRADING 41496,Panchrattan MRP 10,FD063100200720000D,774,Panchrattan MRP 10|20 GM*7.2 KG,111290,360,Yes,5,168,39.36,1968,0,0,0,0,0,0,0,0,0,0,0,0,0,0,0,0,09/07/25,06/11/25,99,0.825,7.009111628,10,13794.1056,275.8786337,Mixture-Premium,Panchrattan,Panchrattan,460307
SAWARIYA TRADING 41496,Takatak Masala MRP 10,FI088300450810000D,1681,Takatak Masala MRP 10|45 GM*8.1 KG,111290,180,Yes,79,120,645.3645365,14340,0,0,0,0,0,0,0,0,0,0,0,0,0,0,0,0,22/07/25,19/11/25,112,0.933333333,7.17187875,10,98016.768,4628.476205,Bridges,Takatak,Takatak Masala,460307
SAWARIYA TRADING 41496,Gathiya MRP 10,FD016600450810000D,534,Bhavnagri Gathiya MRP 10|45 GM*8.1 KG,111290,180,Yes,14,96,117.7317732,2616,0,0,0,0,0,0,0,0,0,0,0,0,0,0,0,0,16/07/25,18/11/25,111,0.888,7.009105357,10,18336.0672,825.1944021,Besan Namkeen,Bhavnagri Gathiya,Bhavnagri Gathiya,460307
SAWARIYA TRADING 41496,Punjabi Tadka MRP 10,FD075200400960000D,845,Punjabi Tadka MRP 10|40GM*9.6KG,111290,240,Yes,40,192,391.68,9792,0,0,0,0,0,0,0,0,0,0,0,0,0,0,0,0,22/07/25,19/11/25,112,0.933333333,7.00912,10,68634.0864,2745.332122,Punjabi Tadka,Punjabi Tadka,Punjabi Tadka,460307
SAWARIYA TRADING 41496,Snaclite Fries MRP 10,FI227500280420000D,1903,Snac Lite Fries-10-Mrp|28 GM*4.2 KG,111290,150,Yes,9,90,40.32483898,1440,0,0,0,0,0,0,0,0,0,0,0,0,0,0,0,0,12/07/25,09/11/25,102,0.85,7.256056818,10,10448.784,292.5993228,Extruded,Snac Lite,Snac Lite Fries,460307
SAWARIYA TRADING 41496,Snaclite Finger MRP 10,FI369100450270000D,514,Snaclite Finger MRP 10|45 GM*2.7 KG,111290,60,Yes,12,50,34.65346535,770,0,0,0,0,0,0,0,0,0,0,0,0,0,0,0,0,18/07/25,14/11/25,107,0.899159664,6.842675,10,5268.725,237.122401,Extruded,Snac Lite,Snac Lite Finger,460307
SAWARIYA TRADING 41496,Snaclite Soya Katori MRP 10,FI220800450432000D,490,Snaclite Soya Katori 45 GM*4.32 KG,111290,96,Yes,16,84,72.90729073,1620,0,0,0,0,0,0,0,0,0,0,0,0,0,0,0,0,21/07/25,17/11/25,110,0.924369748,6.842744444,10,11084.85,498.8859586,Extruded,Snac Lite,Snac Lite Soya Katori,460307
SAWARIYA TRADING 41496,Snaclite Fun Wheel MRP 10,FI369200450360000D,1914,Snaclite Fun Wheel MRP 10|45 GM*3.6 KG,111290,80,Yes,3,30,12.15121512,270,0,0,0,0,0,0,0,0,0,0,0,0,0,0,0,0,11/07/25,13/11/25,106,0.848,6.842764706,10,1847.475,83.14790597,Extruded,Snac Lite,Snac Lite Fun Wheel,460307
SAWARIYA TRADING 41496,Whoopies Cheezi Puff XXXL MRP 10,FI587500340306000D,3003,Cheese Puff XXXL 34 Gm*3.060 Kg,111290,90,Yes,3,20,9.860591635,290,0,0,0,0,0,0,0,0,0,0,0,0,0,0,0,0,21/05/25,18/09/25,50,0.416666667,7.2561,10,2104.269,71.54943897,Extruded,Whoopies,Whoopies Cheezi Puff,460307
SAWARIYA TRADING 41496,Malai Sev MRP 10,FD049600380950000D,910,Malai Sev 38 GM * 9.5 KG,111290,250,Yes,4,82,41.10942249,1082,0,0,0,0,0,0,0,0,0,0,0,0,0,0,0,0,14/07/25,11/12/25,134,0.893333333,7.00916,10,7583.9544,288.1425198,Sev Namkeen,Malai Sev,Malai Sev,460307
SAWARIYA TRADING 41496,Palak Sev MRP 10,FD062900401000000D,912,Palak Sev MRP 10|40 GM*10 KG,111290,250,Yes,10,10,100.4,2510,0,0,0,0,0,0,0,0,0,0,0,0,0,0,0,0,14/07/25,11/12/25,134,0.893333333,7.009096,10,17593.092,703.7132384,Sev Namkeen,Palak Sev,Palak Sev,460307
SAWARIYA TRADING 41496,Nimbu Masala MRP 10,FD061800401008000D,890,Nimbu Masala MRP 10|40GM*10.08KG,111290,252,Yes,10,192,108.48,2712,0,0,0,0,0,0,0,0,0,0,0,0,0,0,0,0,19/07/25,16/11/25,109,0.908333333,7.009086957,10,19008.9504,760.345753,Sev Namkeen,Nimbu Masala,Nimbu Masala,460307
SAWARIYA TRADING 41496,Mini Punjabi Papad MRP 10,FD059100220396000D,1123,Mini Punjabi Papad MRP 10|22GM*3.96KG,111290,180,Yes,3,72,13.46238451,612,0,0,0,0,0,0,0,0,0,0,0,0,0,0,0,0,13/07/25,10/11/25,103,0.858333333,7.009183333,10,4289.6304,94.36032116,Mix/Chivra/Chanachur,Mini Punjabi Papad,Mini Punjabi Papad,460307
SAWARIYA TRADING 41496,Chatpata Mixture MRP 10,FD020900381094400D,1015,Chatpata Mixture MRP 10|38GM*10.944KG,111290,288,Yes,10,132,114.43769,3012,0,0,0,0,0,0,0,0,0,0,0,0,0,0,0,0,08/07/25,05/11/25,98,0.816666667,7.009125,10,21111.7104,802.1080737,Mix/Chivra/Chanachur,Chatpata Mixture,Chatpata Mixture,460307
SAWARIYA TRADING 41496,Chana Chur MRP 10,FD019500380957600D,990,Chana Chur MRP 10|38GM*9.576KG,111290,252,Yes,1,204,17.32522796,456,0,0,0,0,0,0,0,0,0,0,0,0,0,0,0,0,02/07/25,30/10/25,92,0.766666667,7.009121739,10,3196.1952,121.434632,Mix/Chivra/Chanachur,Chana Chur,Chana Chur,460307
SAWARIYA TRADING 41496,Khatta Meetha MRP 10,FD045900401008000D,1058,KhattaMeetha MRP 10|40GM*10.08KG,111290,252,Yes,20,166,208.24,5206,0,0,0,0,0,0,0,0,0,0,0,0,0,0,0,0,19/07/25,16/11/25,109,0.908333333,7.009092063,10,36489.8952,1459.573331,Mix/Chivra/Chanachur,Khatta Meetha,Khatta Meetha,460307
SAWARIYA TRADING 41496,Chips Tomato MRP 10,FI002800300450001D,2197,Chips Tomato MRP 10|30 4.5 KG,111290,150,Yes,5,140,26.70267027,890,0,0,0,0,0,0,0,0,0,0,0,0,0,0,0,0,21/07/25,17/11/25,110,0.924369748,7.25605625,10,6457.929,193.7560775,Potato Wafers,Chips,Chips Tomato,460307
SAWARIYA TRADING 41496,Chips Cream N Onion MRP 10,FI001800300450001D,2046,Chips Cream N Onion MRP 10|30 GM*4.5 KG,111290,150,Yes,16,50,73.50735074,2450,0,0,0,0,0,0,0,0,0,0,0,0,0,0,0,0,23/07/25,25/11/25,118,0.944,7.256063158,10,17777.445,533.3739795,Potato Wafers,Chips,Chips Cream N Onion,460307
SAWARIYA TRADING 41496,Chips Pudina Treat MRP 10,FI097100300450001D,2228,Chips Pudina Treat MRP 10|30 GM*4.5 KG,111290,150,Yes,9,120,44.10441044,1470,0,0,0,0,0,0,0,0,0,0,0,0,0,0,0,0,17/07/25,19/11/25,112,0.896,7.256053125,10,10666.467,320.0239452,Potato Wafers,Chips,Chips Pudina Treat,460307
SAWARIYA TRADING 41496,Chips Salted MRP 10,FI320900300450001D,2256,Chips Salted MRP 10|30 4.5 KG,111290,150,Yes,54,50,244.5244524,8150,0,0,0,0,0,0,0,0,0,0,0,0,0,0,0,0,23/07/25,25/11/25,118,0.944,7.256051087,10,59137.215,1774.281919,Potato Wafers,Chips,Chips Salted,460307
SAWARIYA TRADING 41496,Chips Masala MRP 10,FI002000300450001D,2084,Chips Masala MRP 10|30 4.5 KG,111290,150,Yes,7,120,35.10351035,1170,0,0,0,0,0,0,0,0,0,0,0,0,0,0,0,0,15/07/25,11/11/25,104,0.87394958,7.256057143,10,8489.637,254.713077,Potato Wafers,Chips,Chips Masala,460307
SAWARIYA TRADING 41496,Navratan Mix MRP 10,FD061700401200000D,1153,Navratan Mix MRP 10|40 GM*12 KG,111290,300,Yes,25,132,305.28,7632,0,0,0,0,0,0,0,0,0,0,0,0,0,0,0,0,20/07/25,17/11/25,110,0.916666667,7.009007059,10,53494.2144,2139.709675,Mix/Chivra/Chanachur,Navratan Mix,Navratan Mix,460307
SAWARIYA TRADING 41496,kaju Mixture MRP 10,FD043500220660000D,314,Kaju Mixture MRP 10|22GM*6.6KG,111290,300,Yes,6,96,41.70699516,1896,0,0,0,0,0,0,0,0,0,0,0,0,0,0,0,0,17/07/25,14/11/25,107,0.891666667,7.00919,10,13289.4432,292.3322534,Mixture-Premium,Kaju Mixture,Kaju Mixture,460307
SAWARIYA TRADING 41496,Chatpata Matar MRP 10,FE040000421260000D,1357,Heeng Jeera Matar MRP 10|42 GM*12.6 KG,111290,300,Yes,2,206,33.85132297,806,0,0,0,0,0,0,0,0,0,0,0,0,0,0,0,0,27/06/25,25/10/25,87,0.725,7.009105263,10,5649.4152,237.267486,Matar,Matar,Heeng Jeera Matar,460307
SAWARIYA TRADING 41496,Moong Dal MRP 10,FD060300351050002D,817,Moong Dal MRP 10|35 GM*10.5 KG,111290,300,Yes,20,143,215.0157508,6143,0,0,0,0,0,0,0,0,0,0,0,0,0,0,0,0,13/07/25,10/12/25,133,0.886666667,7.009106522,10,43057.5156,1507.068301,Namkeen Dal,Moong Dal,Moong Dal,460307
SAWARIYA TRADING 41496,Chana Cracker H.J. MRP 10,FD019800381140000D,302,ChanaCrackerHeengJeeraMRP 10|38GM*11.4KG,111290,300,Yes,8,206,99.01215805,2606,0,0,0,0,0,0,0,0,0,0,0,0,0,0,0,0,25/07/25,22/11/25,115,0.958333333,7.476797872,10,19483.759,740.2938927,Namkeen Dal,Chana Cracker,Chana Cracker-Heeng Jeera,460307
SAWARIYA TRADING 41496,Peanut Salted MRP 10,FE081200341020001D,1504,Salted Peanut MRP 10|34 GM*10.2 KG,111290,300,Yes,33,240,344.7806868,10140,0,0,0,0,0,0,0,0,0,0,0,0,0,0,0,0,17/07/25,14/11/25,107,0.891666667,7.009107463,10,71073.288,2416.604885,Peanuts,Salted Peanut,Salted Peanut,460307
SAWARIYA TRADING 41496,Nut Cracker Curry Pepper MRP 10,FE061900361080000D,1417,Nut Cracker Curry Pepper 36 GM * 10.8 KG,111290,300,Yes,0,168,6.047516199,168,0,0,0,0,0,0,0,0,0,0,0,0,0,0,0,0,20/05/25,17/09/25,49,0.408333333,7.009066667,10,1177.5456,42.3874442,Peanuts,Nut Cracker,Nut Cracker,460307
SAWARIYA TRADING 41496,Nut Cracker MRP 10,FE061900401200000D,1410,Nut Cracker MRP 10|40 GM*12 KG,111290,300,Yes,23,168,282.72,7068,0,0,0,0,0,0,0,0,0,0,0,0,0,0,0,0,14/07/25,10/11/25,103,0.865546218,7.009101031,10,49541.0256,1981.613043,Peanuts,Nut Cracker,Nut Cracker,460307
SAWARIYA TRADING 41496,Gup Shup Peanut MRP 10,FE039200381140000D,1383,Gup Shup Peanut MRP 10|38 GM*11.4 KG,111290,300,Yes,5,0,56.99088146,1500,0,0,0,0,0,0,0,0,0,0,0,0,0,0,0,0,18/07/25,14/11/25,107,0.899159664,7.009126316,10,10513.8,399.456287,Peanuts,Gup Shup,Gup Shup Peanut,460307
SAWARIYA TRADING 41496,Peanut Roasted(Crushed)MRP10,FE077200341020000D,1491,PeanutRoasted(Crushed)MRP10|34GM*10.2KG,111290,300,Yes,7,84,74.26045563,2184,0,0,0,0,0,0,0,0,0,0,0,0,0,0,0,0,07/07/25,04/11/25,97,0.808333333,7.009104167,10,15308.0928,520.499269,Peanuts,Roasted (Crushed),Roasted (Crushed) Peanut,460307
SAWARIYA TRADING 41496,Bhujia MRP 10,FD092200351050000D,561,Bhujia MRP 10|35GM*10.5KG,111290,300,Yes,34,180,363.3181659,10380,0,0,0,0,0,0,0,0,0,0,0,0,0,0,0,0,13/07/25,10/11/25,103,0.858333333,7.0092,10,72755.496,2546.569688,Bhujia Sev,Bhujia Sev,Bhujia,460307
SAWARIYA TRADING 41496,Lite Mixture MRP 10,FD048300421260000D,720,Lite Mixture MRP 10|42 GM*12.6 KG,111290,300,Yes,21,84,268.1226375,6384,0,0,0,0,0,0,0,0,0,0,0,0,0,0,0,0,22/07/25,19/11/25,112,0.933333333,7.0092,10,44746.7328,1879.325191,Lite Namkeen,Lite Mixture,Lite Mixture,460307
SAWARIYA TRADING 41496,Chana Dal MRP 10,FD020000401200000D,789,Chatpata Dal 40*12,111290,300,Yes,9,84,111.36,2784,0,0,0,0,0,0,0,0,0,0,0,0,0,0,0,0,22/07/25,19/12/25,142,0.946666667,7.0092,10,19513.6128,780.544512,Namkeen Dal,Chana Dal,Chana Dal,460307
SAWARIYA TRADING 41496,Aloo Bhujia Plain MRP 10,FD092100401200000D,438,Aloo Bhujia MRP 10|40 GM*12 KG,111290,300,Yes,40,0,480,12000,0,0,0,0,0,0,0,0,0,0,0,0,0,0,0,0,22/07/25,19/11/25,112,0.933333333,7.0092,10,84110.4,3364.416,Aloo Bhujia,Aloo Bhujia,Aloo Bhujia,460307
SAWARIYA TRADING 41496,Nut Crunchies BBQ Bash 38gm,FE589400381140000D,3015,Nut Crunch. BBQ bash MRP 10/38 GM*11.4Kg,111290,300,Yes,5,0,56.99088146,1500,0,0,0,0,0,0,0,0,0,0,0,0,0,0,0,0,10/06/25,08/10/25,70,0.583333333,7.0092,10,10513.8,399.4604863,Peanuts,Nut Cracker,Nut Crunchies BBQ Bash,460307
SAWARIYA TRADING 41496,Soya Sticks MRP 10,FD084200400760000D,932,Soya Sticks MRP 10|40 GM*7.6 KG,111290,190,Yes,0,180,7.2,180,0,0,0,0,0,0,0,0,0,0,0,0,0,0,0,0,17/05/25,14/09/25,46,0.383333333,7.0092,10,1261.656,50.46624,Soya Snacks,Soya Sticks,Soya Sticks,460307
SAWARIYA TRADING 41496,Whoopies Puffcorn (Cheese) MRP 5,FI009100170326400D,476,WhoopiesPuffcorn(Cheese)17GM*3.264KG,111290,192,Yes,0,1,0.01700102,1,0,0,0,0,0,0,0,0,0,0,0,0,0,0,0,0,16/05/25,21/09/25,53,0.4140625,3.337355556,5,3.337,0.056738449,Extruded,Whoopies,Puffcorn (Cheese),460307
SAWARIYA TRADING 41496,Snac Lite Pipes MRP 5,FI586000200288000D,1545,Snac Lite Pipes 20 GM * 2.88 KG,111290,144,Yes,0,96,1.92,96,0,0,0,0,0,0,0,0,0,0,0,0,0,0,0,0,21/05/25,18/09/25,50,0.416666667,3.4213,5,328.4448,6.568896,Extruded,Snac Lite,Snac Lite Fun Pipes Salted,460307
SAWARIYA TRADING 41496,Snaclite Fun Wheel MRP 5,FI369200200288001D,1525,Snac Lite Fun Wheel 20 GM * 2.88 KG,111290,144,Yes,3,114,10.92,546,0,0,0,0,0,0,0,0,0,0,0,0,0,0,0,0,11/07/25,08/11/25,101,0.841666667,3.4212,5,1868.0298,37.359504,Extruded,Snac Lite,Snac Lite Fun Wheel,460307
SAWARIYA TRADING 41496,Snaclite Finger MRP 5,FI369100200288001D,1442,Snac Lite Finger 20 GM * 2.88 KG,111290,144,Yes,7,14,20.44,1022,0,0,0,0,0,0,0,0,0,0,0,0,0,0,0,0,19/06/25,28/10/25,90,0.687022901,3.42127,5,3496.5686,69.9307588,Extruded,Snac Lite,Snac Lite Finger,460307
SAWARIYA TRADING 41496,Snaclite Soya Katori MRP 5,FI220800200288001D,1893,Snac Lite Soya Katori 20 GM * 2.88 KG,111290,144,Yes,14,72,41.76,2088,0,0,0,0,0,0,0,0,0,0,0,0,0,0,0,0,26/07/25,23/11/25,116,0.966666667,3.421211111,5,7143.6744,142.869776,Extruded,Snac Lite,Snac Lite Soya Katori,460307
SAWARIYA TRADING 41496,Punjabi Tadka MRP 5,FD075200200864000D,858,Punjabi Tadka 20GM*8.64 KG,111290,432,Yes,95,288,826.56,41328,0,0,0,0,0,0,0,0,0,0,0,0,0,0,0,0,19/07/25,16/11/25,109,0.908333333,3.504778125,5,144838.1088,2896.909407,Punjabi Tadka,Punjabi Tadka,Punjabi Tadka,460307
SAWARIYA TRADING 41496,Chana Cracker H.J. MRP 5,FE019600180972000D,1295,Chana Cracker H.J. MRP 5|18GM*9.72KG,111290,540,Yes,5,204,52.26781857,2904,0,0,0,0,0,0,0,0,0,0,0,0,0,0,0,0,17/07/25,14/12/25,137,0.913333333,3.738076471,5,10855.7328,195.3811028,Chana,Chana Cracker,Chana Cracker Heeng Jeera,460307
SAWARIYA TRADING 41496,Chatpata Mixture MRP 5,FD020900180756000D,1018,Chatpata Mixture MRP 5|18GM*7.56KG,111290,420,Yes,30,12,226.9978402,12612,0,0,0,0,0,0,0,0,0,0,0,0,0,0,0,0,26/07/25,23/11/25,116,0.966666667,3.50482069,5,44200.0152,795.5867267,Mix/Chivra/Chanachur,Chatpata Mixture,Chatpata Mixture,460307
SAWARIYA TRADING 41496,Sev Murmura MRP 5,FD050200240720000D,747,Sev Murmura Masala MRP 5|24GM*7.2KG,111290,300,Yes,0,12,0.287976962,12,0,0,0,0,0,0,0,0,0,0,0,0,0,0,0,0,19/04/25,17/08/25,18,0.15,3.5046,5,42.0552,1.00924406,Lite Namkeen,Sev Murmura,Masala,460307
SAWARIYA TRADING 41496,Mexilla Jalapeno 18 Gm,FI058200180345601D,682,Mexilla JALAPENO 18 GM*3.456 KG,111290,192,Yes,5,24,17.71058315,984,0,0,0,0,0,0,0,0,0,0,0,0,0,0,0,0,21/05/25,23/09/25,55,0.44,3.3378,5,3284.3952,59.11438445,Mexilla,Mexilla,Mexilla JALAPENO,460307
SAWARIYA TRADING 41496,Mexilla Mexican Tomato MRP 5,FI058300180345602D,1992,Mexilla Mexican Tomato 18 GM*3.456 KG,111290,192,Yes,0,136,2.447804176,136,0,0,0,0,0,0,0,0,0,0,0,0,0,0,0,0,09/02/25,07/10/25,69,0.2875,3.337266667,5,453.832,8.168975282,Mexilla,Mexilla,Mexilla Mexican Tomato,460307
SAWARIYA TRADING 41496,Mexilla Sweet Thai Chilli MRP 5,FI058500180345602D,2035,Mexilla Sweet Thai Chilli 18 GM*3.456 KG,111290,192,Yes,11,156,40.82073434,2268,0,0,0,0,0,0,0,0,0,0,0,0,0,0,0,0,16/07/25,13/11/25,106,0.883333333,3.337434146,5,7570.1304,136.2365127,Mexilla,Mexilla,Mexilla Sweet Thai Chilli,460307
SAWARIYA TRADING 41496,Takatak Masala MRP 5,FI088300200480001D,1710,Takatak Masala MRP 5|20 GM*4.8 KG,111290,240,Yes,56,96,270.72,13536,0,0,0,0,0,0,0,0,0,0,0,0,0,0,0,0,18/07/25,15/11/25,108,0.9,3.597887097,5,46581.4368,974.0199948,Bridges,Takatak,Takatak Masala,460307
SAWARIYA TRADING 41496,Takatak Mango Achari MRP 5,FI088200200480000D,1676,Takatak Mango Achari MRP 5|20 GM*4.8 KG,111290,240,Yes,2,228,14.16,708,0,0,0,0,0,0,0,0,0,0,0,0,0,0,0,0,13/06/25,11/10/25,73,0.608333333,3.4413,5,2436.4404,48.728808,Bridges,Takatak,Takatak Mango Achari,460307
SAWARIYA TRADING 41496,Fatafat Bhel MRP 5,FD029000200720000D,1034,Fatafat Bhel MRP 5|20GM*7.2KG,111290,360,Yes,0,204,4.08,204,0,0,0,0,0,0,0,0,0,0,0,0,0,0,0,0,05/05/25,19/10/25,81,0.48502994,3.5049,5,714.9384,14.299992,Mix/Chivra/Chanachur,Fatafat Bhel,Fatafat Bhel,460307
SAWARIYA TRADING 41496,Lite Mixture MRP 5,FD048300200720000D,723,Lite Mixture MRP 5|20GM*7.2KG,111290,360,Yes,25,348,186.96,9348,0,0,0,0,0,0,0,0,0,0,0,0,0,0,0,0,12/07/25,09/11/25,102,0.85,3.50472439,5,32761.0008,655.243272,Lite Namkeen,Lite Mixture,Lite Mixture,460307
SAWARIYA TRADING 41496,Bhavnagri Gathiya MRP 5,FD016600220792001D,554,Bhavnagri Gathiya MRP 5|22 GM*7.92 KG,111290,360,Yes,18,348,150.1979762,6828,0,0,0,0,0,0,0,0,0,0,0,0,0,0,0,0,16/07/25,13/12/25,136,0.906666667,3.504614286,5,23929.4088,526.3859732,Besan Namkeen,Bhavnagri Gathiya,Bhavnagri Gathiya,460307
SAWARIYA TRADING 41496,Chips Siracha MRP 5,FI564400130312001D,2283,Chips Siracha MRP 5|13 GM*3.12 KG,111290,240,Yes,3,172,11.59646386,892,0,0,0,0,0,0,0,0,0,0,0,0,0,0,0,0,19/05/25,21/09/25,53,0.424,3.628,5,3236.176,42.07197088,Potato Wafers,Chips,Chips Siracha,460307
SAWARIYA TRADING 41496,Chips Tomato MRP 5,FI002800130312001D,2207,Chips Tomato MRP 5|13 GM*3.12 KG,111290,240,Yes,4,220,15.34061362,1180,0,0,0,0,0,0,0,0,0,0,0,0,0,0,0,0,10/06/25,07/10/25,69,0.579831933,3.628,5,4281.04,55.65574623,Potato Wafers,Chips,Chips Tomato,460307
SAWARIYA TRADING 41496,Chips Masala MRP 5,FI002000130312001D,2102,Chips Masala MRP 5|13 GM*3.12 KG,111290,240,Yes,2,120,7.800312012,600,0,0,0,0,0,0,0,0,0,0,0,0,0,0,0,0,13/06/25,28/10/25,90,0.656934307,3.628,5,2176.8,28.29953198,Potato Wafers,Chips,Chips Masala,460307
SAWARIYA TRADING 41496,Chips Cream N Onion MRP 5,FI001800130312001D,2062,Chips Cream N Onion MRP 5|13 GM*3.12 KG,111290,240,Yes,3,106,10.73842954,826,0,0,0,0,0,0,0,0,0,0,0,0,0,0,0,0,23/07/25,20/11/25,113,0.941666667,3.628,5,2996.728,38.95902236,Potato Wafers,Chips,Chips Cream N Onion,460307
SAWARIYA TRADING 41496,Chips Salted MRP 5,FI002400130312000D,2153,Chips Salted MRP 5|13 GM*3.12 KG,111290,240,Yes,27,24,84.55538222,6504,0,0,0,0,0,0,0,0,0,0,0,0,0,0,0,0,21/07/25,18/11/25,111,0.925,3.628,5,23596.512,306.7669267,Potato Wafers,Chips,Chips Salted,460307
SAWARIYA TRADING 41496,Chips Pudina Treat MRP 5,FI002200130312000D,2134,Chips Pudina Treat MRP 5|13 GM*3.12 KG,111290,240,Yes,6,228,21.68486739,1668,0,0,0,0,0,0,0,0,0,0,0,0,0,0,0,0,18/06/25,16/10/25,78,0.65,3.628,5,6051.504,78.67269891,Potato Wafers,Chips,Chips Pudina Treat,460307
SAWARIYA TRADING 41496,Whoopies Cheezi Ball MRP 5,FI091200180324001D,1935,Whoopies Cheezi Ball MRP5|18 GM*3.24 KG,111290,180,Yes,9,108,31.10151188,1728,0,0,0,0,0,0,0,0,0,0,0,0,0,0,0,0,06/07/25,03/11/25,96,0.8,3.628,5,6269.184,112.8362851,Extruded,Whoopies,Whoopies Cheezi Ball,460307
SAWARIYA TRADING 41496,Panga Teekha Achari MRP 5,FI350600160307201D,1646,Panga Teekha Achari MRP 5|16 GM*3.072 KG,111290,192,Yes,8,48,25.344,1584,0,0,0,0,0,0,0,0,0,0,0,0,0,0,0,0,05/05/25,02/09/25,34,0.283333333,3.628,5,5746.752,91.948032,Bridges,Panga,Panga Teekha Achari,460307
SAWARIYA TRADING 41496,Panga Tangy Tomato MRP 5,FI063400160307201D,1628,Panga Tangy Tomato MRP 5|16 GM*3.072 KG,111290,192,Yes,3,100,10.816,676,0,0,0,0,0,0,0,0,0,0,0,0,0,0,0,0,20/05/25,17/09/25,49,0.408333333,3.628,5,2452.528,39.240448,Bridges,Panga,Panga Tangy Tomato,460307
SAWARIYA TRADING 41496,Snaclite Fries MRP 5,FI227500130249600D,1418,Snaclite Fries MRP 5|13 GM*2.496 KG,111290,192,Yes,3,98,8.762350494,674,0,0,0,0,0,0,0,0,0,0,0,0,0,0,0,0,15/07/25,12/11/25,105,0.875,3.628,5,2445.272,31.78980759,Extruded,Snac Lite,Snac Lite Fries,460307
SAWARIYA TRADING 41496,Whoopies Cheezi Puff XXXL MRP 5,FI587500140268800D,3004,Cheese Puff XXXL 14 Gm*2.688 Kg,111290,192,Yes,7,60,19.65560689,1404,0,0,0,0,0,0,0,0,0,0,0,0,0,0,0,0,27/05/25,24/09/25,56,0.466666667,3.628,5,5093.712,71.31054179,Extruded,Whoopies,Whoopies Cheezi Puff,460307
SAWARIYA TRADING 41496,Snaclite Potato Cracker MRP 5,FI011200100192000D,623,Snaclite Potato Cracker 10 GM*1.92 KG,111290,192,Yes,1,156,3.48,348,0,0,0,0,0,0,0,0,0,0,0,0,0,0,0,0,20/05/25,17/10/25,79,0.526666667,3.628,5,1262.544,12.62544,Extruded,Snac Lite,Snaclite Potato Cracker,460307
SAWARIYA TRADING 41496,Bhujia MRP 5,FD092200170856800D,577,Bhujia MRP 5|17GM*8.568KG,111290,504,Yes,35,119,301.9211153,17759,0,0,0,0,0,0,0,0,0,0,0,0,0,0,0,0,18/07/25,15/11/25,108,0.9,3.5046,5,62238.1914,1058.112741,Bhujia Sev,Bhujia Sev,Bhujia,460307
SAWARIYA TRADING 41496,Aloo Bhujia Plain MRP 5,FD092100201008000D,459,Aloo Bhujia MRP 5|20 GM*10.08 KG,111290,504,Yes,55,503,564.46,28223,0,0,0,0,0,0,0,0,0,0,0,0,0,0,0,0,26/07/25,23/12/25,146,0.973333333,3.5046,5,98910.3258,1978.206516,Aloo Bhujia,Aloo Bhujia,Aloo Bhujia,460307
SAWARIYA TRADING 41496,All In One MRP 5,FD012600180907200D,970,All In One MRP 5|18 GM*9.072 KG,111290,504,Yes,4,360,42.76457883,2376,0,0,0,0,0,0,0,0,0,0,0,0,0,0,0,0,05/07/25,02/12/25,125,0.833333333,3.504817143,5,8326.9296,149.882029,Mix/Chivra/Chanachur,All In One,All In One,460307
SAWARIYA TRADING 41496,Navratan Mix MRP 5,FD061700201008000D,1176,Navratan Mix MRP 5|20 GM*10.08 KG,111290,504,Yes,23,252,236.88,11844,0,0,0,0,0,0,0,0,0,0,0,0,0,0,0,0,20/07/25,17/12/25,140,0.933333333,3.504782946,5,41508.4824,830.2129842,Mix/Chivra/Chanachur,Navratan Mix,Navratan Mix,460307
SAWARIYA TRADING 41496,Khatta Meetha MRP 5,FD045900201008000D,1066,Khatta Meetha MRP 5|20 GM*10.08 KG,111290,504,Yes,21,228,216.24,10812,0,0,0,0,0,0,0,0,0,0,0,0,0,0,0,0,17/07/25,14/12/25,137,0.913333333,3.504780488,5,37891.7352,757.8737327,Mix/Chivra/Chanachur,Khatta Meetha,Khatta Meetha,460307
SAWARIYA TRADING 41496,Gup Shup Peanut MRP 5,FE039200180907200D,1388,Gup Shup Peanut MRP 5|18 GM*9.072 KG,111290,504,Yes,6,228,58.53131749,3252,0,0,0,0,0,0,0,0,0,0,0,0,0,0,0,0,21/07/25,17/11/25,110,0.924369748,3.5047875,5,11396.9592,205.1398299,Peanuts,Gup Shup,Gup Shup Peanut,460307
SAWARIYA TRADING 41496,Nut Cracker MRP 5,FE061900180907200D,1419,Nut Cracker MRP 5|18 GM*9.072 KG,111290,504,Yes,20,408,188.7688985,10488,0,0,0,0,0,0,0,0,0,0,0,0,0,0,0,0,12/07/25,08/11/25,101,0.848739496,3.504786047,5,36756.2448,661.5946014,Peanuts,Nut Cracker,Nut Cracker,460307
SAWARIYA TRADING 41496,Peanut Salted MRP 5,FE081200160806400D,1510,Salted Peanut MRP 5|16 GM*8.064 KG,111290,504,Yes,36,324,295.488,18468,0,0,0,0,0,0,0,0,0,0,0,0,0,0,0,0,12/07/25,08/11/25,101,0.848739496,3.504778641,5,64722.9528,1035.620031,Peanuts,Salted Peanut,Salted Peanut,460307
SAWARIYA TRADING 41496,Chana Dal MRP 5,FD020000201008000D,793,Chana Dal MRP 5|20 GM*10.08 KG,111290,504,Yes,5,192,54.24,2712,0,0,0,0,0,0,0,0,0,0,0,0,0,0,0,0,22/07/25,19/11/25,112,0.933333333,3.504828571,5,9504.4752,190.1019017,Namkeen Dal,Chana Dal,Chana Dal,460307
SAWARIYA TRADING 41496,Moong Dal MRP 5,FD060300170856800D,829,Moong Dal MRP 5|17GM*8.568KG,111290,504,Yes,32,36,274.8044883,16164,0,0,0,0,0,0,0,0,0,0,0,0,0,0,0,0,13/07/25,10/11/25,103,0.858333333,3.50484186,5,56648.3544,963.1462739,Namkeen Dal,Moong Dal,Moong Dal,460307
SAWARIYA TRADING 41496,Nimbu Masala MRP 5,FD061800201008000D,893,Nimbu Masala MRP 5|20 GM*10.08 KG,111290,504,Yes,4,420,48.72,2436,0,0,0,0,0,0,0,0,0,0,0,0,0,0,0,0,12/07/25,09/12/25,132,0.88,3.504832,5,8537.2056,170.755415,Sev Namkeen,Nimbu Masala,Nimbu Masala,460307
SAWARIYA TRADING 41496,Heeng Jeera Matar MRP 5,FE040000201008000D,1362,Heeng Jeera Matar MRP 5|20 GM*10.08 KG,111290,504,Yes,5,156,53.52,2676,0,0,0,0,0,0,0,0,0,0,0,0,0,0,0,0,08/07/25,05/11/25,98,0.816666667,3.504783784,5,9378.3096,187.5760281,Matar,Matar,Heeng Jeera Matar,460307
SAWARIYA TRADING 41496,Takatak Masala MRP 20,FI122500900720000D,1511,Takatak Chatpata Masala 90 GM * 7.2 KG,111290,80,Yes,11,8,79.9279928,888,0,0,0,0,0,0,0,0,0,0,0,0,0,0,0,0,16/07/25,13/11/25,106,0.883333333,12.517,20,11115.096,1000.458686,Bridges,Takatak,Takatak Chatpata Masala,460307
SAWARIYA TRADING 41496,Mexilla Sweet Thai Chilli MRP 20,FI058500750450001D,1381,Mexilla Sweet Thai Chilli 75 GM*4.5 KG,111290,60,Yes,4,0,18.00450113,240,0,0,0,0,0,0,0,0,0,0,0,0,0,0,0,0,21/06/25,22/10/25,84,0.682926829,12.517,20,3004.08,225.3623406,Mexilla,Mexilla,Mexilla Sweet Thai Chilli,460307
SAWARIYA TRADING 41496,Whoopies Cheezi Ball MRP 20,FI091200700378000D,635,Whoopies Cheezi Ball 70 GM*3.78 KG,111290,54,Yes,3,48,14.69559132,210,0,0,0,0,0,0,0,0,0,0,0,0,0,0,0,0,14/07/25,11/11/25,104,0.866666667,12.517,20,2628.57,183.9447166,Extruded,Whoopies,Whoopies Cheezi Ball,460307
SAWARIYA TRADING 41496,Snaclite Fries MRP 20,FI227500520280800D,1906,Snac Lite Fries MRP 20|52GM*2.808KG,111290,54,Yes,16,0,44.92979719,864,0,0,0,0,0,0,0,0,0,0,0,0,0,0,0,0,12/07/25,09/11/25,102,0.85,12.517,20,10814.688,562.3862715,Extruded,Snac Lite,Snac Lite Fries,460307
SAWARIYA TRADING 41496,Snaclite Soya Katori MRP 20,FI220800800576000D,528,Snaclite Soya Katori 80 GM*5.76 KG,111290,72,Yes,5,12,29.76,372,0,0,0,0,0,0,0,0,0,0,0,0,0,0,0,0,13/07/25,10/11/25,103,0.858333333,12.517,20,4656.324,372.50592,Extruded,Snac Lite,Snac Lite Soya Katori,460307
SAWARIYA TRADING 41496,Snaclite Fun Wheel MRP 20,FI369200800432000D,1921,Snaclite Fun Wheel MRP 20|80 GM*4.32 KG,111290,54,Yes,3,0,12.96,162,0,0,0,0,0,0,0,0,0,0,0,0,0,0,0,0,11/07/25,08/11/25,101,0.841666667,12.517,20,2027.754,162.22032,Extruded,Snac Lite,Snac Lite Fun Wheel,460307
SAWARIYA TRADING 41496,Snaclite Finger MRP 20,FI369100800336000D,515,Snaclite Finger MRP 20|80 GM*3.36 KG,111290,42,Yes,6,30,22.56,282,0,0,0,0,0,0,0,0,0,0,0,0,0,0,0,0,18/07/25,15/11/25,108,0.9,12.517,20,3529.794,282.38352,Extruded,Snac Lite,Snac Lite Finger,460307
SAWARIYA TRADING 41496,Chips Aloo Masala MRP 20,FI001600600540000D,2043,Chips Aloo Masala MRP 20|60 GM*5.4 KG,111290,90,Yes,1,0,5.398920216,90,0,0,0,0,0,0,0,0,0,0,0,0,0,0,0,0,30/06/25,28/10/25,90,0.75,12.517,20,1126.53,67.57828434,Potato Wafers,Chips,Chips Aloo Masala,460307
SAWARIYA TRADING 41496,Chips Pudina Treat MRP 20,FI002200550396000D,2138,Chips Pudina Treat MRP 20|55 GM*3.96 KG,111290,72,Yes,12,6,47.85478548,870,0,0,0,0,0,0,0,0,0,0,0,0,0,0,0,0,14/07/25,10/11/25,103,0.865546218,12.517,20,10889.79,598.9983498,Potato Wafers,Chips,Chips Pudina Treat,460307
SAWARIYA TRADING 41496,Chips Masala MRP 20,FI002000550396001D,2123,Chips Masala MRP 20|55 GM*3.96 KG,111290,72,Yes,6,58,26.95269527,490,0,0,0,0,0,0,0,0,0,0,0,0,0,0,0,0,24/07/25,20/11/25,113,0.949579832,12.517,20,6133.33,337.3668867,Potato Wafers,Chips,Chips Masala,460307
SAWARIYA TRADING 41496,Chips Tomato MRP 20,FI002800550396000D,2223,Chips Tomato MRP 20|55 GM*3.96 KG,111290,72,Yes,2,28,9.460946095,172,0,0,0,0,0,0,0,0,0,0,0,0,0,0,0,0,15/07/25,12/11/25,105,0.875,12.517,20,2152.924,118.4226623,Potato Wafers,Chips,Chips Tomato,460307
SAWARIYA TRADING 41496,Chips Cream N Onion MRP 20,FI001800550396001D,2074,Chips Cream N Onion MRP 20|55 GM*3.96 KG,111290,72,Yes,5,8,20.2420242,368,0,0,0,0,0,0,0,0,0,0,0,0,0,0,0,0,12/07/25,09/11/25,102,0.85,12.517,20,4606.256,253.3694169,Potato Wafers,Chips,Chips Cream N Onion,460307
SAWARIYA TRADING 41496,Chips Salted MRP 20,FI002400550396000D,2162,Chips Salted MRP 20|55 GM*3.96 KG,111290,72,Yes,23,0,91.08910891,1656,0,0,0,0,0,0,0,0,0,0,0,0,0,0,0,0,22/07/25,18/11/25,111,0.932773109,12.51699333,20,20728.152,1140.161769,Potato Wafers,Chips,Chips Salted,460307
SAWARIYA TRADING 41496,Classic Lassi Ambarsariya 200 Ml,FB013402000600000D,186,Ambarsariya Â Classic Lassi 200 ML*6 KG,111290,30,Yes,1,0,6,30,0,0,0,0,0,0,0,0,0,0,0,0,0,0,0,0,08/05/25,08/05/26,282,0.77260274,16.18885,20,485.661,97.1331,Lassi - TP,Ambarsariya Â Classic Lassi,Ambarsariya Â Classic Lassi,460307
SAWARIYA TRADING 41496,Nimbu Masala MRP 20,FD061800650650000D,895,Nimbu Masala MRP 20|65 GM*6.5 KG,111290,100,Yes,0,39,2.53411306,39,0,0,0,0,0,0,0,0,0,0,0,0,0,0,0,0,12/05/25,09/09/25,41,0.341666667,13.6319,20,531.6441,34.54477583,Sev Namkeen,Nimbu Masala,Nimbu Masala,460307
SAWARIYA TRADING 41496,Nut Cracker MRP 20,FE061900800800000D,1424,Nut Cracker MRP 20|80 GM*8 KG,111290,100,Yes,2,18,17.44,218,0,0,0,0,0,0,0,0,0,0,0,0,0,0,0,0,08/05/25,17/09/25,49,0.371212121,13.63198,20,2971.7712,237.7417312,Peanuts,Nut Cracker,Nut Cracker,460307
SAWARIYA TRADING 41496,Aloo Bhujia Plain MRP 20,FD092100750750000D,472,Aloo Bhujia Plain MRP 20|75GM*7.5KG,111290,100,Yes,2,19,16.42910728,219,0,0,0,0,0,0,0,0,0,0,0,0,0,0,0,0,08/04/25,04/10/25,66,0.368715084,13.63196667,20,2985.3861,223.9610428,Aloo Bhujia,Aloo Bhujia,Aloo Bhujia,460307
SAWARIYA TRADING 41496,Chana Cracker H.J. MRP 20,FE019600700700000D,1302,Chana Cracker H.J. MRP 20|70 GM*7KG,111290,100,Yes,1,48,10.35689293,148,0,0,0,0,0,0,0,0,0,0,0,0,0,0,0,0,10/05/25,10/10/25,72,0.470588235,14.5409,20,2152.0236,150.5985444,Chana,Chana Cracker,Chana Cracker Heeng Jeera,460307
SAWARIYA TRADING 41496,Peanut Salted MRP 20,FE081200720720000D,1533,Salted Peanut MRP 20|72 GM*7.2 KG,111290,100,Yes,1,18,8.495320374,118,0,0,0,0,0,0,0,0,0,0,0,0,0,0,0,0,14/05/25,16/09/25,48,0.384,13.63197143,20,1608.5712,115.8079646,Peanuts,Salted Peanut,Salted Peanut,460307
SAWARIYA TRADING 41496,Punjabi Tadka MRP 20,FD075200750750000D,197,Punjabi Tadka 75GM*7.5KG,111290,100,Yes,0,9,0.675168792,9,0,0,0,0,0,0,0,0,0,0,0,0,0,0,0,0,13/05/25,24/09/25,56,0.417910448,13.63195,20,122.6871,9.203867217,Punjabi Tadka,Punjabi Tadka,Punjabi Tadka,460307
SAWARIYA TRADING 41496,All In One MRP 20,FD012600700700000D,981,All In One MRP 20|70 GM*7 KG,111290,100,Yes,0,39,2.729181246,39,0,0,0,0,0,0,0,0,0,0,0,0,0,0,0,0,05/05/25,02/10/25,64,0.426666667,13.63195,20,531.6441,37.20406228,Mix/Chivra/Chanachur,All In One,All In One,460307
SAWARIYA TRADING 41496,Rajasthani Masala Chaas 200 Ml,FB075602000600000D,188,Rajasthani Masala Chaas 200 ML*6 KG,111290,30,Yes,21,20,130,650,0,0,0,0,0,0,0,0,0,0,0,0,0,0,0,0,14/05/25,14/05/26,288,0.789041096,12.1415,15,7891.975,1578.395,Butter Milk - TP,Rajasthani Masala Chaas,Rajasthani Masala Chaas,460307
SAWARIYA TRADING 41496,Takatak Bhoot Chilli-20-Mrp,FI572501000800000D,1460,Takatak Bhoot Chilli 100GM*8KG,111290,80,Yes,0,0,0,0,0,0,0,0,0,0,0,0,0,0,0,0,0,0,0,0,15/01/25,12/09/25,44,0.183333333,12.5135,20,0,0,Bridges,Takatak,Takatak Bhoot Chilli,460307
SAWARIYA TRADING 41496,Mexilla Jalapeno 75 Gm,FI058200750450001D,1369,Mexilla Jalapeno 75GM*4.5 KG,111290,60,Yes,0,0,0,0,0,0,0,0,0,0,0,0,0,0,0,0,0,0,0,0,19/11/24,24/03/25,-128,-1.024,12.517,20,0,0,Mexilla,Mexilla,Mexilla JALAPENO,460307
SAWARIYA TRADING 41496,Mexilla Nacho Cheese MRP 20,FI058400750450001D,1378,Mexilla Nacho Cheese MRP 20|75 GM*4.5 KG,111290,60,Yes,0,0,0,0,0,0,0,0,0,0,0,0,0,0,0,0,0,0,0,0,21/02/25,19/10/25,81,0.3375,12.517,20,0,0,Mexilla,Mexilla,Mexilla Nacho Cheese,460307
SAWARIYA TRADING 41496,Navratan Mix MRP 20,FD061700800800000D,1180,Navratan Mix MRP 20|80GM*8KG,111290,100,Yes,0,0,0,0,0,0,0,0,0,0,0,0,0,0,0,0,0,0,0,0,24/11/24,24/03/25,-128,-1.066666667,13.632,20,0,0,Mix/Chivra/Chanachur,Navratan Mix,Navratan Mix,460307
SAWARIYA TRADING 41496,Panga Tangy Tomato MRP 20,FI063400820492000D,1632,Panga Tangy Tomato MRP 20|82GM*4.92KG,111290,60,Yes,0,0,0,0,0,0,0,0,0,0,0,0,0,0,0,0,0,0,0,0,19/12/24,17/07/25,-13,-0.061904762,12.76,20,0,0,Bridges,Panga,Panga Tangy Tomato,460307
SAWARIYA TRADING 41496,Popcorn salted MRP 20,FI564600380228000D,1849,Popcorn Salted MRP 20|38GM*2.28KG,111290,60,Yes,0,0,0,0,0,0,0,0,0,0,0,0,0,0,0,0,0,0,0,0,10/01/25,06/09/25,38,0.158995816,12.517,20,0,0,Extruded,Popcorn,Pop Corn-Salted,460307
SAWARIYA TRADING 41496,Puffcorn (Cheese) MRP 20,FI009000600360000D,653,Puff Corn (Cheese) 60 GM*3.6 KG,111290,60,Yes,0,0,0,0,0,0,0,0,0,0,0,0,0,0,0,0,0,0,0,0,09/08/24,06/12/24,-236,-1.983193277,12.517,20,0,0,Extruded,Whoopies,Puff Corn (Cheese),460307
SAWARIYA TRADING 41496,Aloo Bhujia Plain MRP 20,FD092100800800000D,475,Aloo Bhujia Plain MRP 20|80 GM*8 KG,111290,100,Yes,0,0,0,0,0,0,0,0,0,0,0,0,0,0,0,0,0,0,0,0,11/12/24,09/07/25,-21,-0.1,13.632,20,0,0,Aloo Bhujia,Aloo Bhujia,Aloo Bhujia,460307
SAWARIYA TRADING 41496,Snaclite Fries MRP 20,FI227500550297000D,1905,Snaclite Fries MRP 20|55 GM*2.97 KG,111290,54,Yes,0,0,0,0,0,0,0,0,0,0,0,0,0,0,0,0,0,0,0,0,29/01/25,26/09/25,58,0.241666667,12.517,20,0,0,Extruded,Snac Lite,Snac Lite Fries,460307
SAWARIYA TRADING 41496,Panga Teekha Achari MRP 10,FI350600820492000D,1650,Panga Teekha Achari MRP 20|82GM*4.92KG,111290,60,Yes,0,0,0,0,0,0,0,0,0,0,0,0,0,0,0,0,0,0,0,0,13/12/24,11/07/25,-19,-0.09047619,12.76,20,0,0,Bridges,Panga,Panga Teekha Achari,460307
SAWARIYA TRADING 41496,Mexilla Mexican Tomato MRP 20,FI058300750450001D,1374,Mexilla Mexican Tomato 75GM*4.5 KG,111290,60,Yes,0,0,0,0,0,0,0,0,0,0,0,0,0,0,0,0,0,0,0,0,22/06/25,20/10/25,82,0.683333333,12.517,20,0,0,Mexilla,Mexilla,Mexilla Mexican Tomato,460307
SAWARIYA TRADING 41496,Navratan Mix MRP 20,FD061700750750000D,594,Navratan Mix 75GM*7.5KG,111290,100,Yes,0,0,0,0,0,0,0,0,0,0,0,0,0,0,0,0,0,0,0,0,05/02/25,03/10/25,65,0.270833333,13.632,20,0,0,Mix/Chivra/Chanachur,Navratan Mix,Navratan Mix,460307
SAWARIYA TRADING 41496,Bhujia MRP 20,FD092200700700000D,585,Bhujia MRP 20|70 GM*7 KG,111290,100,Yes,0,0,0,0,0,0,0,0,0,0,0,0,0,0,0,0,0,0,0,0,05/02/25,03/10/25,65,0.270833333,13.632,20,0,0,Bhujia Sev,Bhujia Sev,Bhujia,460307
SAWARIYA TRADING 41496,Chips Salted (Ridged) MRP 20,FI342900550396000D,2274,Chips Salted MRP 20|55GM*3.96KG|Ridged,111290,72,Yes,0,0,0,0,0,0,0,0,0,0,0,0,0,0,0,0,0,0,0,0,11/10/24,07/02/25,-173,-1.453781513,12.517,20,0,0,Potato Wafers,Chips,Chips Salted (Ridged),460307
SAWARIYA TRADING 41496,Mexilla Flaming Hot MRP 20,FI058000750450001D,1358,Mexilla Flaming Hot MRP 20|75 GM*4.5 KG,111290,60,Yes,0,0,0,0,0,0,0,0,0,0,0,0,0,0,0,0,0,0,0,0,24/06/25,23/10/25,85,0.702479339,12.517,20,0,0,Mexilla,Mexilla,Mexilla Flaming Hot,460307
SAWARIYA TRADING 41496,Khatta Meetha MRP 20,FD045900800800000D,1095,Khatta Meetha MRP 20|80 GM*8 KG,111290,100,Yes,0,0,0,0,0,0,0,0,0,0,0,0,0,0,0,0,0,0,0,0,08/12/24,06/07/25,-24,-0.114285714,13.632,20,0,0,Mix/Chivra/Chanachur,Khatta Meetha,Khatta Meetha,460307
SAWARIYA TRADING 41496,Khatta Meetha MRP 20,FD045900750750000D,1088,Khatta Meetha MRP 20|75GM*7.5KG,111290,100,Yes,0,0,0,0,0,0,0,0,0,0,0,0,0,0,0,0,0,0,0,0,05/05/25,18/09/25,50,0.367647059,13.63196667,20,0,0,Mix/Chivra/Chanachur,Khatta Meetha,Khatta Meetha,460307
SAWARIYA TRADING 41496,Takatak Masala MRP 20,FI088301000800000D,627,Takatak Masala MRP 20|100 GM*8 KG,111290,80,Yes,0,0,0,0,0,0,0,0,0,0,0,0,0,0,0,0,0,0,0,0,21/01/25,18/09/25,50,0.208333333,12.517,20,0,0,Bridges,Takatak,Takatak Masala,460307
SAWARIYA TRADING 41496,Moong Dal MRP 20,FD060300700700000D,839,Moong Dal MRP 20|70 GM*7 KG,111290,100,Yes,0,0,0,0,0,0,0,0,0,0,0,0,0,0,0,0,0,0,0,0,08/05/25,02/10/25,64,0.43537415,13.63198333,20,0,0,Namkeen Dal,Moong Dal,Moong Dal,460307
SAWARIYA TRADING 41496,Chips Salted MRP 15,FI002400380456000D,2149,Chips Salted MRP 15|38 GM*4.56 KG,111290,120,Yes,0,0,0,0,0,0,0,0,0,0,0,0,0,0,0,0,0,0,0,0,16/08/24,14/12/24,-228,-1.9,8.3445,15,0,0,Potato Wafers,Chips,Chips Salted,460307
SAWARIYA TRADING 41496,Chips Masala MRP 15,FI002000380456000D,2096,Chips Masala MRP 15|38 GM*4.56 KG,111290,120,Yes,0,0,0,0,0,0,0,0,0,0,0,0,0,0,0,0,0,0,0,0,23/08/24,20/12/24,-222,-1.865546218,8.3445,15,0,0,Potato Wafers,Chips,Chips Masala,460307
SAWARIYA TRADING 41496,Chips Salted MRP 15,FI320900350420000D,1224,Chips Salted MRP 10|35 GM*4.2 KG,111290,120,Yes,0,0,0,0,0,0,0,0,0,0,0,0,0,0,0,0,0,0,0,0,11/09/24,09/01/25,-202,-1.683333333,7.5103,15,0,0,Potato Wafers,Chips,Chips Salted,460307
SAWARIYA TRADING 41496,Chips Masala MRP 15,FI002000350420000D,2097,Chips Masala MRP 10|35 GM*4.2 KG,111290,120,Yes,0,0,0,0,0,0,0,0,0,0,0,0,0,0,0,0,0,0,0,0,16/09/24,13/01/25,-198,-1.663865546,7.5103,15,0,0,Potato Wafers,Chips,Chips Masala,460307
SAWARIYA TRADING 41496,Roasted Masala Cashew 20 Gm,FE077600200120000D,1094,Roasted Masala Cashew 20GM*1.2KG,111290,60,Yes,0,0,0,0,0,0,0,0,0,0,0,0,0,0,0,0,0,0,0,0,10/02/25,17/10/25,79,0.317269076,20.027,30,0,0,Dry Fruit,Nutty Factory,Roasted Masala Cashew,460307
SAWARIYA TRADING 41496,Roasted Salted Cashew 20 Gm,FE077800200120000D,1096,Roasted Salted Cashew 20GM*1.2KG,111290,60,Yes,0,0,0,0,0,0,0,0,0,0,0,0,0,0,0,0,0,0,0,0,12/02/25,23/10/25,85,0.335968379,20.027,30,0,0,Dry Fruit,Nutty Factory,Roasted Salted Cashew,460307
SAWARIYA TRADING 41496,Harmony Assorted 115 Gm,FJ539001150276000D,152,GP-Harmony Assorted 115 GM*2.76 KG,111290,24,Yes,0,0,0,0,0,0,0,0,0,0,0,0,0,0,0,0,0,0,0,0,06/10/24,22/10/25,84,0.220472441,59.4027,100,0,0,Gift Pack,Gift Pack Combo,Harmony Assorted,460307
SAWARIYA TRADING 41496,Takatak Bhoot Chilli-5-Mrp,FI572500200480000D,1458,Takatak Bhoot Chilli MRP 5|20GM*4.8KG,111290,240,Yes,0,0,0,0,0,0,0,0,0,0,0,0,0,0,0,0,0,0,0,0,15/01/25,12/09/25,44,0.183333333,3.62,5,0,0,Bridges,Takatak,Takatak Bhoot Chilli,460307
SAWARIYA TRADING 41496,Teekha Meetha MRP 5,FD089300200720001D,1241,Teekha Meetha MRP 5|20 GM*7.2 KG,111290,360,Yes,0,0,0,0,0,0,0,0,0,0,0,0,0,0,0,0,0,0,0,0,17/05/25,14/09/25,46,0.383333333,3.5048,5,0,0,Mix/Chivra/Chanachur,Teekha Meetha,Teekha Meetha,460307
SAWARIYA TRADING 41496,Fatafat Bhel MRP 5,FD029000220792000D,1035,Fatafat Bhel MRP 5|22 GM*7.92 KG,111290,360,Yes,0,0,0,0,0,0,0,0,0,0,0,0,0,0,0,0,0,0,0,0,05/12/24,04/04/25,-117,-0.975,3.5048,5,0,0,Mix/Chivra/Chanachur,Fatafat Bhel,Fatafat Bhel,460307
SAWARIYA TRADING 41496,Heeng Jeera Matar MRP 5,FE040000170856800D,1364,Heeng Jeera Matar MRP 5|17GM*8.568KG,111290,504,Yes,0,0,0,0,0,0,0,0,0,0,0,0,0,0,0,0,0,0,0,0,22/11/24,22/03/25,-130,-1.083333333,3.5048,5,0,0,Matar,Matar,Heeng Jeera Matar,460307
SAWARIYA TRADING 41496,Snaclite Fun Wheel MRP 5,FI369200220316801D,1915,Snaclite Fun Wheel MRP 5|22 GM*3.168 KG,111290,144,Yes,0,0,0,0,0,0,0,0,0,0,0,0,0,0,0,0,0,0,0,0,15/01/25,12/09/25,44,0.183333333,3.421,5,0,0,Extruded,Snac Lite,Snac Lite Fun Wheel,460307
SAWARIYA TRADING 41496,Chana Cracker H.J. MRP 5,FE019600201080000D,1296,Chana Cracker H.J. MRP 5|20 GM*10.8KG,111290,540,Yes,0,0,0,0,0,0,0,0,0,0,0,0,0,0,0,0,0,0,0,0,06/10/24,29/01/25,-182,-1.582608696,3.7382,5,0,0,Chana,Chana Cracker,Chana Cracker Heeng Jeera,460307
SAWARIYA TRADING 41496,Bhujia MRP 5,FD092200170856800D,577,Bhujia Sev MRP 5|17GM*8.568KG,111290,504,Yes,0,0,0,0,0,0,0,0,0,0,0,0,0,0,0,0,0,0,0,0,21/06/25,26/10/25,88,0.692913386,3.504843299,5,0,0,Bhujia Sev,Bhujia Sev,Bhujia,460307
SAWARIYA TRADING 41496,Mexilla Nacho Cheese MRP 5,FI058400180345602D,1997,Mexilla Nacho Cheese 18 GM*3.456 KG,111290,192,Yes,0,0,0,0,0,0,0,0,0,0,0,0,0,0,0,0,0,0,0,0,05/12/24,04/04/25,-117,-0.975,3.337266667,5,0,0,Mexilla,Mexilla,Mexilla Nacho Cheese,460307
SAWARIYA TRADING 41496,Aloo Bhujia Plain MRP 5,FD092100201008000D,459,Aloo Bhujia Plain MRP 5|20 GM*10.08 KG,111290,504,Yes,0,0,0,0,0,0,0,0,0,0,0,0,0,0,0,0,0,0,0,0,20/06/25,17/11/25,110,0.733333333,3.504784348,5,0,0,Aloo Bhujia,Aloo Bhujia,Aloo Bhujia,460307
SAWARIYA TRADING 41496,Snaclite Soya Katori MRP 5,FI220800220316800D,1895,Snaclite Soya Katori 22 GM*3.168 KG,111290,144,Yes,0,0,0,0,0,0,0,0,0,0,0,0,0,0,0,0,0,0,0,0,23/01/25,20/09/25,52,0.216666667,3.42115,5,0,0,Extruded,Snac Lite,Snac Lite Soya Katori,460307
SAWARIYA TRADING 41496,Snaclite Finger MRP 5,FI369100220316801D,1907,Snaclite Finger MRP 5|22 GM*3.168 KG,111290,144,Yes,0,0,0,0,0,0,0,0,0,0,0,0,0,0,0,0,0,0,0,0,08/02/25,05/10/25,67,0.280334728,3.42115,5,0,0,Extruded,Snac Lite,Snac Lite Finger,460307
SAWARIYA TRADING 41496,Lite Mixture MRP 5,FD048300240864000D,724,Lite Mixture MRP 5|24 GM*8.64 KG,111290,360,Yes,0,0,0,0,0,0,0,0,0,0,0,0,0,0,0,0,0,0,0,0,12/11/24,12/03/25,-140,-1.166666667,3.504688889,5,0,0,Lite Namkeen,Lite Mixture,Lite Mixture,460307
SAWARIYA TRADING 41496,Chana Jor Garam MRP 5,FD020400220660000D,1009,Chana Jor Garam MRP 5|22 GM*6.6 KG,111290,300,Yes,0,0,0,0,0,0,0,0,0,0,0,0,0,0,0,0,0,0,0,0,24/02/25,22/10/25,84,0.35,3.5025,5,0,0,Mix/Chivra/Chanachur,Chana Jor Garam,Chana Jor Garam,460307
SAWARIYA TRADING 41496,Bhavnagri Gathiya MRP 5,FD016600220792001D,554,Bhavnagri Gathiya MRP 5|22 GM*7.92 KG,111290,360,Yes,0,0,0,0,0,0,0,0,0,0,0,0,0,0,0,0,0,0,0,0,24/03/25,27/10/25,89,0.410138249,3.504858462,5,0,0,Besan Namkeen,Bhavnagri Gathiya,Bhavnagri Gathiya,460307
SAWARIYA TRADING 41496,Chatpata Mixture MRP 5,FD020900200840000D,1023,Chatpata Mixture MRP 5|20 GM*8.4 KG,111290,420,Yes,0,0,0,0,0,0,0,0,0,0,0,0,0,0,0,0,0,0,0,0,17/12/24,15/07/25,-15,-0.071428571,3.465494118,5,0,0,Mix/Chivra/Chanachur,Chatpata Mixture,Chatpata Mixture,460307
SAWARIYA TRADING 41496,Mexilla Flaming Hot MRP 5,FI058000180345602D,1984,Mexilla Flaming Hot MRP 5|18 GM*3.456 KG,111290,192,Yes,0,0,0,0,0,0,0,0,0,0,0,0,0,0,0,0,0,0,0,0,10/08/24,05/12/24,-237,-2.025641026,3.3378,5,0,0,Mexilla,Mexilla,Mexilla Flaming Hot,460307
SAWARIYA TRADING 41496,Papdi MRP 5,FD050200220607200D,788,Papdi Gathiya Masala MRP 5|22 GM*6.072KG,111290,276,Yes,0,0,0,0,0,0,0,0,0,0,0,0,0,0,0,0,0,0,0,0,30/12/24,28/07/25,-2,-0.00952381,3.505,5,0,0,Besan Namkeen,Papdi Gathiya,Masala,460307
SAWARIYA TRADING 41496,Lite Chiwda MRP 5,FD047900220792001D,681,Lite Chiwda MRP 5|22 GM*7.92 KG,111290,360,Yes,0,0,0,0,0,0,0,0,0,0,0,0,0,0,0,0,0,0,0,0,25/03/25,23/07/25,-7,-0.058333333,3.505,5,0,0,Lite Namkeen,Lite Chiwda,Lite Chiwda,460307
SAWARIYA TRADING 41496,Aloo Mixture MRP 5,FD013300180907200D,986,Aloo Mixture MRP 5|18 GM*9.072 KG,111290,504,Yes,0,0,0,0,0,0,0,0,0,0,0,0,0,0,0,0,0,0,0,0,27/03/25,25/07/25,-5,-0.041666667,3.505,5,0,0,Mix/Chivra/Chanachur,Aloo Mixture,Aloo Mixture,460307
SAWARIYA TRADING 41496,Lite Mixture MRP 5,FD048300220792000D,725,Lite Mixture MRP 5|22 GM*7.92 KG,111290,360,Yes,0,0,0,0,0,0,0,0,0,0,0,0,0,0,0,0,0,0,0,0,08/12/24,06/07/25,-24,-0.114285714,3.505,5,0,0,Lite Namkeen,Lite Mixture,Lite Mixture,460307
SAWARIYA TRADING 41496,Masala Moong Dal MRP 5,FD055800170856800D,810,Masala Moong Dal MRP 5|17GM*8.568KG,111290,504,Yes,0,0,0,0,0,0,0,0,0,0,0,0,0,0,0,0,0,0,0,0,31/01/25,28/09/25,60,0.25,3.505,5,0,0,Namkeen Dal,Masala Moong Dal,Masala Moong Dal,460307
SAWARIYA TRADING 41496,Moong Dal MRP 5,FD060300180907201D,831,Moong Dal MRP 5|18 GM*9.072 KG,111290,504,Yes,0,0,0,0,0,0,0,0,0,0,0,0,0,0,0,0,0,0,0,0,19/10/24,17/03/25,-135,-0.906040268,3.5046,5,0,0,Namkeen Dal,Moong Dal,Moong Dal,460307
SAWARIYA TRADING 41496,Chana Jor Garam MRP 5,FD020400220660000D,1009,Chana Jor Garam MRP 5|22 GM*6.6 KG,111290,300,Yes,0,0,0,0,0,0,0,0,0,0,0,0,0,0,0,0,0,0,0,0,24/05/25,21/09/25,53,0.441666667,3.5046,5,0,0,Mix/Chivra/Chanachur,Chana Jor Garam,Chana Jor Garam,460307
SAWARIYA TRADING 41496,Nut Roast Peanut Roasted (Lime & Chilli) MRP 5,FE066700160806401D,1441,Nut Roast(Lime&Chilli)MRP5|16GM*8.064KG,111290,504,Yes,0,0,0,0,0,0,0,0,0,0,0,0,0,0,0,0,0,0,0,0,08/10/24,05/01/25,-206,-2.314606742,3.5046,5,0,0,Peanuts,Nut Roast,Peanut Roasted (Lime & Chilli),460307
SAWARIYA TRADING 41496,Nut Roast Peanut Roasted (Tandoori) MRP 5,FE067100160806401D,1477,Nut Roast(Tandoori)MRP5|16GM*8.064KG,111290,504,Yes,0,0,0,0,0,0,0,0,0,0,0,0,0,0,0,0,0,0,0,0,08/10/24,09/01/25,-202,-2.172043011,3.5046,5,0,0,Peanuts,Nut Roast,Peanut Roasted (Tandoori),460307
SAWARIYA TRADING 41496,Nut Roast Peanut Roasted (Salt & Pepper) MRP 5,FE066900160806400D,190,Nut Roast(Salt&Pepper)MRP5|16GM*8.064KG,111290,504,Yes,0,0,0,0,0,0,0,0,0,0,0,0,0,0,0,0,0,0,0,0,08/10/24,18/01/25,-193,-1.892156863,3.5046,5,0,0,Peanuts,Nut Roast,Peanut Roasted (Salt & Pepper),460307
SAWARIYA TRADING 41496,Nut Roast Peanut Roasted (Nimbu Pudina) MRP 5,FE066800160806401D,1453,Nut Roast(NimbuPudina)MRP5|16GM*8.064KG,111290,504,Yes,0,0,0,0,0,0,0,0,0,0,0,0,0,0,0,0,0,0,0,0,08/10/24,30/12/24,-212,-2.554216867,3.5046,5,0,0,Peanuts,Nut Roast,Peanut Roasted (Nimbu Pudina),460307
SAWARIYA TRADING 41496,Chatpata Dal MRP 5,FD020000221108800D,791,Chatpata Dal MRP 5|22GM*11.088 KG,111290,504,Yes,0,0,0,0,0,0,0,0,0,0,0,0,0,0,0,0,0,0,0,0,18/10/24,14/03/25,-138,-0.93877551,3.5046,5,0,0,Namkeen Dal,Chatpata Dal,Chatpata Dal,460307
SAWARIYA TRADING 41496,Bhujia MRP 5,FD092200180907201D,572,Bhujia MRP 5|18 GM*9.072 KG,111290,504,Yes,0,0,0,0,0,0,0,0,0,0,0,0,0,0,0,0,0,0,0,0,11/10/24,09/03/25,-143,-0.959731544,3.5046,5,0,0,Bhujia Sev,Bhujia Sev,Bhujia,460307
SAWARIYA TRADING 41496,Nut Roast Peanut Roasted (Chilli Achari) MRP 5,FE066500160806401D,191,Nut Roast(ChilliAchari)MRP5|16GM*8.064KG,111290,504,Yes,0,0,0,0,0,0,0,0,0,0,0,0,0,0,0,0,0,0,0,0,06/08/24,23/11/24,-249,-2.28440367,3.5046,5,0,0,Peanuts,Nut Roast,Peanut Roasted (Chilli Achari),460307
SAWARIYA TRADING 41496,Punjabi Tadka MRP 5,FD075200201008000D,857,Punjabi Tadka MRP 5|20 GM*10.08 KG,111290,504,Yes,0,0,0,0,0,0,0,0,0,0,0,0,0,0,0,0,0,0,0,0,25/08/24,23/12/24,-219,-1.825,3.5046,5,0,0,Punjabi Tadka,Punjabi Tadka,Punjabi Tadka,460307
SAWARIYA TRADING 41496,Papdi MRP 5,FD073700220607200D,524,Papdi Gathiya MRP 5|22 GM*6.072 KG,111290,276,Yes,0,0,0,0,0,0,0,0,0,0,0,0,0,0,0,0,0,0,0,0,22/06/25,20/10/25,82,0.683333333,3.5046,5,0,0,Besan Namkeen,Papdi Gathiya,Plain,460307
SAWARIYA TRADING 41496,Chips Siracha MRP 5,FI564400110264000D,2284,Chips Siracha MRP 5|11GM*2.64KG,111290,240,Yes,0,0,0,0,0,0,0,0,0,0,0,0,0,0,0,0,0,0,0,0,10/12/24,08/07/25,-22,-0.104761905,3.628,5,0,0,Potato Wafers,Chips,Chips Siracha,460307
SAWARIYA TRADING 41496,Chips Pudina Treat MRP 5,FI097100110264002D,2234,Chips Pudina Treat MRP 5|11GM*2.64KG,111290,240,Yes,0,0,0,0,0,0,0,0,0,0,0,0,0,0,0,0,0,0,0,0,29/12/24,27/07/25,-3,-0.014285714,3.628,5,0,0,Potato Wafers,Chips,Chips Pudina Treat,460307
SAWARIYA TRADING 41496,Chips Salted MRP 5,FI320900120288000D,2263,Chips Salted MRP 5|12GM*2.88KG,111290,240,Yes,0,0,0,0,0,0,0,0,0,0,0,0,0,0,0,0,0,0,0,0,12/11/24,12/03/25,-140,-1.166666667,3.628,5,0,0,Potato Wafers,Chips,Chips Salted,460307
SAWARIYA TRADING 41496,Chips Cream N Onion MRP 5,FI001800110264000D,2064,Chips Cream N Onion MRP 5|11GM*2.64KG,111290,240,Yes,0,0,0,0,0,0,0,0,0,0,0,0,0,0,0,0,0,0,0,0,18/12/24,16/07/25,-14,-0.066666667,3.628,5,0,0,Potato Wafers,Chips,Chips Cream N Onion,460307
SAWARIYA TRADING 41496,Panga Teekha Achari MRP 5,FI350600180345601D,1644,Panga Teekha Achari MRP 5|18 GM*3.456 KG,111290,192,Yes,0,0,0,0,0,0,0,0,0,0,0,0,0,0,0,0,0,0,0,0,02/01/25,31/07/25,1,0.004761905,3.628,5,0,0,Bridges,Panga,Panga Teekha Achari,460307
SAWARIYA TRADING 41496,Chips Salted (Ridged) MRP 5,FI002500130312000D,2173,Chips Salted (Ridged) 13 GM*3.12 KG,111290,240,Yes,0,0,0,0,0,0,0,0,0,0,0,0,0,0,0,0,0,0,0,0,30/09/24,28/01/25,-183,-1.525,3.628,5,0,0,Potato Wafers,Chips,Chips Salted (Ridged),460307
SAWARIYA TRADING 41496,Panga Tangy Tomato MRP 5,FI063400180345601D,1627,Panga Tangy Tomato MRP 5|18 GM*3.456 KG,111290,192,Yes,0,0,0,0,0,0,0,0,0,0,0,0,0,0,0,0,0,0,0,0,22/09/24,19/01/25,-192,-1.613445378,3.628,5,0,0,Bridges,Panga,Panga Tangy Tomato,460307
SAWARIYA TRADING 41496,Chips Salted MRP 5,FI320900110264002D,2261,Chips Salted MRP 5|11GM*2.64KG,111290,240,Yes,0,0,0,0,0,0,0,0,0,0,0,0,0,0,0,0,0,0,0,0,14/01/25,11/09/25,43,0.179166667,3.628,5,0,0,Potato Wafers,Chips,Chips Salted,460307
SAWARIYA TRADING 41496,Chips Pudina Treat MRP 5,FI097100120288000D,2237,Chips Pudina Treat MRP 5|12GM*2.88KG,111290,240,Yes,0,0,0,0,0,0,0,0,0,0,0,0,0,0,0,0,0,0,0,0,11/11/24,11/03/25,-141,-1.175,3.628,5,0,0,Potato Wafers,Chips,Chips Pudina Treat,460307
SAWARIYA TRADING 41496,Chips Mast Masala MRP 5,FI002000120288000D,2106,Chips Mast Masala MRP 5|12GM*2.88KG,111290,240,Yes,0,0,0,0,0,0,0,0,0,0,0,0,0,0,0,0,0,0,0,0,09/11/24,09/03/25,-143,-1.191666667,3.628,5,0,0,Potato Wafers,Chips,Chips Masala,460307
SAWARIYA TRADING 41496,Chips Masala MRP 5,FI002000110264002D,2101,Chips Masala MRP 5|11GM*2.64KG,111290,240,Yes,0,0,0,0,0,0,0,0,0,0,0,0,0,0,0,0,0,0,0,0,13/01/25,10/09/25,42,0.175,3.628,5,0,0,Potato Wafers,Chips,Chips Masala,460307
SAWARIYA TRADING 41496,Peanut Roasted(Crushed)MRP10,FE077200361080000D,1481,Peanut Roasted(Crushed)MRP10|36GM*10.8KG,111290,300,Yes,0,0,0,0,0,0,0,0,0,0,0,0,0,0,0,0,0,0,0,0,02/12/24,01/04/25,-120,-1,7.009113043,10,0,0,Peanuts,Roasted (Crushed),Roasted (Crushed) Peanut,460307
SAWARIYA TRADING 41496,Chips Siracha MRP 10,FI564400300450000D,2277,Chips Siracha MRP 10|30 GM*4.5 KG,111290,150,Yes,0,0,0,0,0,0,0,0,0,0,0,0,0,0,0,0,0,0,0,0,16/03/25,26/10/25,88,0.392857143,7.256038462,10,0,0,Potato Wafers,Chips,Chips Siracha,460307
SAWARIYA TRADING 41496,Bhujia MRP 10,FD092200351050000D,561,Bhujia Sev MRP 10|35GM*10.5KG,111290,300,Yes,0,0,0,0,0,0,0,0,0,0,0,0,0,0,0,0,0,0,0,0,21/06/25,26/10/25,88,0.692913386,7.009105495,10,0,0,Bhujia Sev,Bhujia Sev,Bhujia,460307
SAWARIYA TRADING 41496,Chatpata Mixture MRP 10,FD020900421260000D,1016,Chatpata Mixture MRP 10|42 GM*12.6 KG,111290,300,Yes,0,0,0,0,0,0,0,0,0,0,0,0,0,0,0,0,0,0,0,0,15/12/24,13/07/25,-17,-0.080952381,6.91645,10,0,0,Mix/Chivra/Chanachur,Chatpata Mixture,Chatpata Mixture,460307
SAWARIYA TRADING 41496,Navratan Mix MRP 10,FD061700421260000D,1156,Navratan Mix MRP 10|42 GM*12.6 KG,111290,300,Yes,0,0,0,0,0,0,0,0,0,0,0,0,0,0,0,0,0,0,0,0,16/12/24,12/09/25,44,0.162962963,7.009126923,10,0,0,Mix/Chivra/Chanachur,Navratan Mix,Navratan Mix,460307
SAWARIYA TRADING 41496,Chana Cracker H.J. MRP 10,FE019600401200000D,1293,Chana Cracker H.J. MRP 10|40GM*12KG,111290,300,Yes,0,0,0,0,0,0,0,0,0,0,0,0,0,0,0,0,0,0,0,0,16/12/24,12/09/25,44,0.162962963,7.476730769,10,0,0,Chana,Chana Cracker,Chana Cracker Heeng Jeera,460307
SAWARIYA TRADING 41496,Aloo Bhujia Plain MRP 10,FD092100401200000D,438,Aloo Bhujia Plain MRP 10|40 GM*12 KG,111290,300,Yes,0,0,0,0,0,0,0,0,0,0,0,0,0,0,0,0,0,0,0,0,20/06/25,25/10/25,87,0.68503937,7.008860274,10,0,0,Aloo Bhujia,Aloo Bhujia,Aloo Bhujia,460307
SAWARIYA TRADING 41496,Dal Biji MRP 10,FD026000421058400D,1026,Dal Biji MRP 10|42 GM*10.584 KG,111290,252,Yes,0,0,0,0,0,0,0,0,0,0,0,0,0,0,0,0,0,0,0,0,28/10/24,25/02/25,-155,-1.291666667,7.009183333,10,0,0,Mix/Chivra/Chanachur,Dal Biji,Dal Biji,460307
SAWARIYA TRADING 41496,Chana Dal MRP 10,FD020000401200000D,789,Chana Dal MRP 10|400.48KG,111290,300,Yes,0,0,0,0,0,0,0,0,0,0,0,0,0,0,0,0,0,0,0,0,10/06/25,07/11/25,100,0.666666667,7.009093023,10,0,0,Namkeen Dal,Chana Dal,Chana Dal,460307
SAWARIYA TRADING 41496,Mexilla Nacho Cheese MRP 10,FI058400420504002D,1994,Mexilla Nacho Cheese 42 GM*5.04 KG,111290,120,Yes,0,0,0,0,0,0,0,0,0,0,0,0,0,0,0,0,0,0,0,0,09/01/25,06/09/25,38,0.158333333,6.6758,10,0,0,Mexilla,Mexilla,Mexilla Nacho Cheese,460307
SAWARIYA TRADING 41496,Aloo Bhujia Plain MRP 10,FD092100421260000D,440,Aloo Bhujia Plain MRP 10|42 GM*12.6 KG,111290,300,Yes,0,0,0,0,0,0,0,0,0,0,0,0,0,0,0,0,0,0,0,0,10/12/24,06/09/25,38,0.140740741,7.009126087,10,0,0,Aloo Bhujia,Aloo Bhujia,Aloo Bhujia,460307
SAWARIYA TRADING 41496,Moong Dal MRP 10,FD060300361080000D,819,Moong Dal MRP 10|36 GM*10.8 KG,111290,300,Yes,0,0,0,0,0,0,0,0,0,0,0,0,0,0,0,0,0,0,0,0,07/12/24,03/09/25,35,0.12962963,7.00903,10,0,0,Namkeen Dal,Moong Dal,Moong Dal,460307
SAWARIYA TRADING 41496,Chana Dal MRP 10,FD020000421260000D,786,Chana Dal MRP 10|42 GM*12.6 KG,111290,300,Yes,0,0,0,0,0,0,0,0,0,0,0,0,0,0,0,0,0,0,0,0,09/12/24,05/09/25,37,0.137037037,7.00904,10,0,0,Namkeen Dal,Chana Dal,Chana Dal,460307
SAWARIYA TRADING 41496,Khatta Meetha MRP 10,FD045900421058400D,1061,Khatta Meetha MRP 10|42 GM*10.584 KG,111290,252,Yes,0,0,0,0,0,0,0,0,0,0,0,0,0,0,0,0,0,0,0,0,09/12/24,07/07/25,-23,-0.10952381,7.009127273,10,0,0,Mix/Chivra/Chanachur,Khatta Meetha,Khatta Meetha,460307
SAWARIYA TRADING 41496,Whoopies Puffcorn (Cheese) MRP 10,FI009100350315000D,1931,Whoopies Puffcorn (Cheese) 35 GM*3.15 KG,111290,90,Yes,0,0,0,0,0,0,0,0,0,0,0,0,0,0,0,0,0,0,0,0,08/05/25,22/10/25,84,0.502994012,6.675811765,10,0,0,Extruded,Whoopies,Puffcorn (Cheese),460307
SAWARIYA TRADING 41496,Lite Mixture MRP 10,FD048300421008000D,711,Lite Mixture MRP 10|42GM*10.08KG,111290,240,Yes,0,0,0,0,0,0,0,0,0,0,0,0,0,0,0,0,0,0,0,0,29/04/25,24/10/25,86,0.483146067,7.009043137,10,0,0,Lite Namkeen,Lite Mixture,Lite Mixture,460307
SAWARIYA TRADING 41496,Punjabi Tadka MRP 10,FD075200421008000D,849,Punjabi Tadka 42 GM*10.08 KG,111290,240,Yes,0,0,0,0,0,0,0,0,0,0,0,0,0,0,0,0,0,0,0,0,14/12/24,12/07/25,-18,-0.085714286,7.009127273,10,0,0,Punjabi Tadka,Punjabi Tadka,Punjabi Tadka,460307
SAWARIYA TRADING 41496,Palak Sev MRP 10,FD062900421050000D,911,Palak Sev MRP 10|42 GM*10.5 KG,111290,250,Yes,0,0,0,0,0,0,0,0,0,0,0,0,0,0,0,0,0,0,0,0,05/12/24,04/04/25,-117,-0.975,7.00912,10,0,0,Sev Namkeen,Palak Sev,Palak Sev,460307
SAWARIYA TRADING 41496,Lite Mixture MRP 10,FD048300481440000D,715,Lite Mixture MRP 10|48 GM*14.4 KG,111290,300,Yes,0,0,0,0,0,0,0,0,0,0,0,0,0,0,0,0,0,0,0,0,14/11/24,14/03/25,-138,-1.15,7.009161111,10,0,0,Lite Namkeen,Lite Mixture,Lite Mixture,460307
SAWARIYA TRADING 41496,Fatafat Bhel MRP 10,FD029000451350000D,1029,Fatafat Bhel MRP 10|45 GM*13.5 KG,111290,300,Yes,0,0,0,0,0,0,0,0,0,0,0,0,0,0,0,0,0,0,0,0,09/11/24,09/03/25,-143,-1.191666667,7.009145455,10,0,0,Mix/Chivra/Chanachur,Fatafat Bhel,Fatafat Bhel,460307
SAWARIYA TRADING 41496,Bhujia MRP 10,FD092200361080000D,559,Bhujia MRP 10|36 GM*10.8 KG,111290,300,Yes,0,0,0,0,0,0,0,0,0,0,0,0,0,0,0,0,0,0,0,0,27/12/24,25/07/25,-5,-0.023809524,7.009022222,10,0,0,Bhujia Sev,Bhujia Sev,Bhujia,460307
SAWARIYA TRADING 41496,Mexilla Mexican Tomato MRP 10,FI058300420504002D,1986,Mexilla Mexican Tomato 42 GM*5.04 KG,111290,120,Yes,0,0,0,0,0,0,0,0,0,0,0,0,0,0,0,0,0,0,0,0,25/12/24,23/07/25,-7,-0.033333333,6.675777778,10,0,0,Mexilla,Mexilla,Mexilla Mexican Tomato,460307
SAWARIYA TRADING 41496,Mexilla Sweet Thai Chilli MRP 10,FI058500420504002D,1999,Mexilla Sweet Thai Chilli 42 GM*5.04 KG,111290,120,Yes,0,0,0,0,0,0,0,0,0,0,0,0,0,0,0,0,0,0,0,0,25/01/25,22/09/25,54,0.225,6.675781818,10,0,0,Mexilla,Mexilla,Mexilla Sweet Thai Chilli,460307
SAWARIYA TRADING 41496,Panga Tangy Tomato MRP 10,FI063400420504001D,1605,Panga Tangy Tomato MRP 10|42GM*5.04 KG,111290,120,Yes,0,0,0,0,0,0,0,0,0,0,0,0,0,0,0,0,0,0,0,0,21/12/24,24/07/25,-6,-0.027906977,7.256025,10,0,0,Bridges,Panga,Panga Tangy Tomato,460307
SAWARIYA TRADING 41496,Peeloz Strawberry-30-Gm,FI067500250500001D,2347,Peeloz Strawberry 25 GM * 5 KG,111290,200,Yes,0,0,0,0,0,0,0,0,0,0,0,0,0,0,0,0,0,0,0,0,25/04/25,20/01/26,174,0.644444444,8.4746,10,0,0,Confectionery,Peeloz,Peeloz Strawberry,460307
SAWARIYA TRADING 41496,Vanilla MRP 10,FI067300250500001D,1541,Peeloz Vanilla 25 GM * 5 KG,111290,200,Yes,0,0,0,0,0,0,0,0,0,0,0,0,0,0,0,0,0,0,0,0,10/04/25,05/01/26,159,0.588888889,8.4746,10,0,0,Confectionery,Peeloz,Peeloz French Vanilla,460307
SAWARIYA TRADING 41496,Fatafat Bhel MRP 10,FD029000421108800D,1028,Fatafat Bhel MRP 10|42GM*11.088KG,111290,264,Yes,0,0,0,0,0,0,0,0,0,0,0,0,0,0,0,0,0,0,0,0,03/07/25,31/10/25,93,0.775,7.009092308,10,0,0,Mix/Chivra/Chanachur,Fatafat Bhel,Fatafat Bhel,460307
SAWARIYA TRADING 41496,Malai Sev MRP 10,FD049600401000000D,903,Malai Sev MRP 10|40GM*10KG,111290,250,Yes,0,0,0,0,0,0,0,0,0,0,0,0,0,0,0,0,0,0,0,0,15/02/25,12/10/25,74,0.309623431,7.009033333,10,0,0,Sev Namkeen,Malai Sev,Malai Sev,460307
SAWARIYA TRADING 41496,Nimbu Masala MRP 10,FD061800421058400D,888,Nimbu Masala MRP 10|42 GM*10.584 KG,111290,252,Yes,0,0,0,0,0,0,0,0,0,0,0,0,0,0,0,0,0,0,0,0,03/12/24,02/04/25,-119,-0.991666667,7.009133333,10,0,0,Sev Namkeen,Nimbu Masala,Nimbu Masala,460307
SAWARIYA TRADING 41496,Mini Punjabi Papad MRP 10,FD059100250450000D,1124,Mini Punjabi Papad MRP 10|25 GM*4.5 KG,111290,180,Yes,0,0,0,0,0,0,0,0,0,0,0,0,0,0,0,0,0,0,0,0,20/11/24,18/07/25,-12,-0.05,7.00916,10,0,0,Mix/Chivra/Chanachur,Mini Punjabi Papad,Mini Punjabi Papad,460307
SAWARIYA TRADING 41496,Peeloz Choco Block-30-Gm,FI067200300600000D,2336,Peeloz Choco Block 30 GM*6 KG,111290,200,Yes,0,0,0,0,0,0,0,0,0,0,0,0,0,0,0,0,0,0,0,0,02/12/24,26/09/25,58,0.194630872,6.33605,10,0,0,Confectionery,Peeloz,Peeloz Choco Block,460307
SAWARIYA TRADING 41496,Peeloz French Vanilla-30-Gm,FI067300300600000D,2339,Peeloz FrenchVanilla 30 GM*6 KG,111290,200,Yes,0,0,0,0,0,0,0,0,0,0,0,0,0,0,0,0,0,0,0,0,21/11/24,26/09/25,58,0.187702265,6.33605,10,0,0,Confectionery,Peeloz,Peeloz French Vanilla,460307
SAWARIYA TRADING 41496,Chana Cracker H.J. MRP 10,FE019600421260000D,1291,Chana Cracker H.J. MRP 10|42 GM*12.6KG,111290,300,Yes,0,0,0,0,0,0,0,0,0,0,0,0,0,0,0,0,0,0,0,0,11/10/24,05/03/25,-147,-1.013793103,7.4765,10,0,0,Chana,Chana Cracker,Chana Cracker Heeng Jeera,460307
SAWARIYA TRADING 41496,Litchi Drink 125 Ml,FDRTA1801250500,1796,Litchi Drink 125 ML (5 L C/S),111290,40,Yes,0,0,0,0,0,0,0,0,0,0,0,0,0,0,0,0,0,0,0,0,03/06/25,30/11/25,123,0.683333333,7.5885,10,0,0,Fruit Based,Litchi Drink,Litchi Drink,460307
SAWARIYA TRADING 41496,Mango Drink 125 Ml,FDRTA1201250500,1689,Mango Drink 125 ML (5 L C/S),111290,40,Yes,0,0,0,0,0,0,0,0,0,0,0,0,0,0,0,0,0,0,0,0,14/05/25,10/11/25,103,0.572222222,7.5885,10,0,0,Fruit Based,Mango Drink,Mango Drink,460307
SAWARIYA TRADING 41496,Peeloz Orange-30-Gm,FI067400250500001D,2344,Peeloz Orange 25 GM * 5 KG,111290,200,Yes,0,0,0,0,0,0,0,0,0,0,0,0,0,0,0,0,0,0,0,0,11/03/25,06/12/25,129,0.477777778,6.336,10,0,0,Confectionery,Peeloz,Peeloz Orange,460307
SAWARIYA TRADING 41496,Popcorn Butter MRP 10,FI008400200240000D,1814,Pop Corn-Butter-10-Mrp|20 GM*2.4 KG,111290,120,Yes,0,0,0,0,0,0,0,0,0,0,0,0,0,0,0,0,0,0,0,0,25/09/24,22/01/25,-189,-1.588235294,6.3361,10,0,0,Extruded,Popcorn,Pop Corn Butter,460307
SAWARIYA TRADING 41496,Mexilla Flamin Hot MRP 10,FI058000400480001D,1521,Mexilla Flaming Hot 40 GM * 4.8 KG,111290,120,Yes,0,0,0,0,0,0,0,0,0,0,0,0,0,0,0,0,0,0,0,0,08/02/25,06/10/25,68,0.283333333,6.676,10,0,0,Mexilla,Mexilla,Mexilla Flaming Hot,460307
SAWARIYA TRADING 41496,Banana Chips Yellow MRP 10,FI015600150300000D,1552,Banana Chips Yellow MRP 10|15 GM*3 KG,111290,200,Yes,0,0,0,0,0,0,0,0,0,0,0,0,0,0,0,0,0,0,0,0,21/12/24,19/07/25,-11,-0.052380952,6.676,10,0,0,Banana Chips,Banana Chips,Banana Chips Yellow,460307
SAWARIYA TRADING 41496,Panga Tangy Tomato MRP 10,FI063400380456001D,1604,Panga Tangy Tomato-10-Mrp|38 GM*4.56 KG,111290,120,Yes,0,0,0,0,0,0,0,0,0,0,0,0,0,0,0,0,0,0,0,0,19/03/25,23/10/25,85,0.389908257,7.256,10,0,0,Bridges,Panga,Panga Tangy Tomato,460307
SAWARIYA TRADING 41496,Takatak Bhoot Chilli-10-Mrp,FI572500450810000D,1459,Takatak Bhoot Chilli MRP 10|45GM*8.1KG,111290,180,Yes,0,0,0,0,0,0,0,0,0,0,0,0,0,0,0,0,0,0,0,0,15/01/25,12/09/25,44,0.183333333,7.25,10,0,0,Bridges,Takatak,Takatak Bhoot Chilli,460307
SAWARIYA TRADING 41496,Mexilla Jalapeno 42 Gm,FI058200420504001D,1368,Mexilla Jalapeno 42 GM*5.04 KG,111290,120,Yes,0,0,0,0,0,0,0,0,0,0,0,0,0,0,0,0,0,0,0,0,12/10/24,14/02/25,-166,-1.328,6.6756,10,0,0,Mexilla,Mexilla,Mexilla JALAPENO,460307
SAWARIYA TRADING 41496,Mexilla Flaming Hot MRP 10,FI058000420504002D,1970,Mexilla Flaming Hot MRP 10|42 GM*5.04 KG,111290,120,Yes,0,0,0,0,0,0,0,0,0,0,0,0,0,0,0,0,0,0,0,0,18/11/24,18/03/25,-134,-1.116666667,6.6756,10,0,0,Mexilla,Mexilla,Mexilla Flaming Hot,460307
SAWARIYA TRADING 41496,Mexilla Mexican Tomato MRP 10,FI058300400480000D,1988,Mexilla Mexican Tomato 40 GM * 4.8 KG,111290,120,Yes,0,0,0,0,0,0,0,0,0,0,0,0,0,0,0,0,0,0,0,0,08/04/25,06/08/25,7,0.058333333,6.6756,10,0,0,Mexilla,Mexilla,Mexilla Mexican Tomato,460307
SAWARIYA TRADING 41496,Mexilla Nacho Cheese MRP 10,FI058400400480001D,1562,Mexilla Nacho Cheese 40 GM * 4.8 KG,111290,120,Yes,0,0,0,0,0,0,0,0,0,0,0,0,0,0,0,0,0,0,0,0,24/04/25,22/08/25,23,0.191666667,6.6756,10,0,0,Bridges,Mexilla,Mexilla Nacho Cheese,460307
SAWARIYA TRADING 41496,Chips Salted (Ridged) MRP 10,FI342900300450000D,1432,Chips Salted MRP 10|30GM*4.5KG|Ridged,111290,150,Yes,0,0,0,0,0,0,0,0,0,0,0,0,0,0,0,0,0,0,0,0,30/09/24,28/01/25,-183,-1.525,7.2561,10,0,0,Potato Wafers,Chips,Chips Salted (Ridged),460307
SAWARIYA TRADING 41496,Whoopies Cheezi Puff XXXL MRP 10,FI587500380342000D,2967,Cheese Puff XXXL MRP 10|38 Gm*3.420 KG,111290,90,Yes,0,0,0,0,0,0,0,0,0,0,0,0,0,0,0,0,0,0,0,0,26/03/25,24/07/25,-6,-0.05,7.2561,10,0,0,Extruded,Whoopies,Whoopies Cheezi Puff,460307
SAWARIYA TRADING 41496,Panga Tangy Tomato MRP 10,FI063400380456001D,1604,PangaTangy Tomato-10Mrp 38G*4.5KG,111290,120,Yes,0,0,0,0,0,0,0,0,0,0,0,0,0,0,0,0,0,0,0,0,13/05/25,10/09/25,42,0.35,7.2561,10,0,0,Bridges,Panga,Panga Tangy Tomato,460307
SAWARIYA TRADING 41496,Lite Mixture MRP 10,FD048300451080000D,712,Lite Mixture MRP 10|45GM*10.8KG,111290,240,Yes,0,0,0,0,0,0,0,0,0,0,0,0,0,0,0,0,0,0,0,0,11/12/24,09/07/25,-21,-0.1,7.009,10,0,0,Lite Namkeen,Lite Mixture,Lite Mixture,460307
SAWARIYA TRADING 41496,Mini Punjabi Papad MRP 10,FD059100220396000D,1123,Mini Punjabi Papad MRP 10|22GM*3.96KG,111290,180,Yes,0,0,0,0,0,0,0,0,0,0,0,0,0,0,0,0,0,0,0,0,12/02/25,10/10/25,72,0.3,7.009,10,0,0,Mix/Chivra/Chanachur,Mini Punjabi Papad,Mini Punjabi Papad,460307
SAWARIYA TRADING 41496,Chana Jor Garam MRP 10,FD020400551100000D,1000,Chana Jor Garam MRP 10|55 GM*11 KG,111290,200,Yes,0,0,0,0,0,0,0,0,0,0,0,0,0,0,0,0,0,0,0,0,23/12/24,19/09/25,51,0.188888889,7.009,10,0,0,Mix/Chivra/Chanachur,Chana Jor Garam,Chana Jor Garam,460307
SAWARIYA TRADING 41496,Teekha Meetha MRP 10,FD089300420840000D,1215,Teekha Meetha MRP 10|42 GM*8.4 KG,111290,200,Yes,0,0,0,0,0,0,0,0,0,0,0,0,0,0,0,0,0,0,0,0,16/11/24,16/03/25,-136,-1.133333333,7.009,10,0,0,Mix/Chivra/Chanachur,Teekha Meetha,Teekha Meetha,460307
SAWARIYA TRADING 41496,Cornflakes Mixture MRP 10,FD025500250625000D,767,Cornflakes Mixture MRP 10|25 GM*6.25 KG,111290,250,Yes,0,0,0,0,0,0,0,0,0,0,0,0,0,0,0,0,0,0,0,0,11/02/25,09/10/25,71,0.295833333,7.009,10,0,0,Mixture-Premium,Cornflakes Mixture,Cornflakes Mixture,460307
SAWARIYA TRADING 41496,Boondi Plain MRP 10,FD018000401008000D,487,Boondi-Plain MRP 10|40GM*10.08KG,111290,252,Yes,0,0,0,0,0,0,0,0,0,0,0,0,0,0,0,0,0,0,0,0,24/11/24,24/03/25,-128,-1.066666667,7.009,10,0,0,Besan Namkeen,Boondi,Boondi Plain,460307
SAWARIYA TRADING 41496,Nut Roast Peanut Roasted (Salt & Pepper) MRP 10,FE066900280840001D,1457,Nut Roast(Salt&Pepper)MRP10|28GM*8.4KG,111290,300,Yes,0,0,0,0,0,0,0,0,0,0,0,0,0,0,0,0,0,0,0,0,12/02/25,10/10/25,72,0.3,7.009,10,0,0,Peanuts,Nut Roast,Peanut Roasted (Salt & Pepper),460307
SAWARIYA TRADING 41496,Nut Roast Peanut Roasted (Nimbu Pudina) MRP 10,FE066800280840001D,1449,Nut Roast(NimbuPudina)MRP10|28GM*8.4KG,111290,300,Yes,0,0,0,0,0,0,0,0,0,0,0,0,0,0,0,0,0,0,0,0,12/02/25,10/10/25,72,0.3,7.009,10,0,0,Peanuts,Nut Roast,Peanut Roasted (Nimbu Pudina),460307
SAWARIYA TRADING 41496,Nut Roast Peanut Roasted (Tandoori) MRP 10,FE067100280840001D,1475,Nut Roast(Tandoori)MRP10|28GM*8.4KG,111290,300,Yes,0,0,0,0,0,0,0,0,0,0,0,0,0,0,0,0,0,0,0,0,20/02/25,18/10/25,80,0.333333333,7.009,10,0,0,Peanuts,Nut Roast,Peanut Roasted (Tandoori),460307
SAWARIYA TRADING 41496,Nut Roast Peanut Roasted (Hing Jeera) MRP 10,FE066600280840001D,1436,Nut Roast(HingJeera)MRP10|28GM*8.4KG,111290,300,Yes,0,0,0,0,0,0,0,0,0,0,0,0,0,0,0,0,0,0,0,0,20/02/25,18/10/25,80,0.333333333,7.009,10,0,0,Peanuts,Nut Roast,Peanut Roasted (Hing Jeera),460307
SAWARIYA TRADING 41496,Nut Roast Peanut Roasted (Chilli Achari) MRP 10,FE066500280840001D,1433,Nut Roast(ChilliAchari)MRP10|28GM*8.4KG,111290,300,Yes,0,0,0,0,0,0,0,0,0,0,0,0,0,0,0,0,0,0,0,0,31/01/25,30/07/25,0,0,7.009,10,0,0,Peanuts,Nut Roast,Peanut Roasted (Chilli Achari),460307
SAWARIYA TRADING 41496,Ratlami Mixture MRP 10,FD076500401200000D,1198,Ratlami Mixture MRP 10|40 GM*12 KG,111290,300,Yes,0,0,0,0,0,0,0,0,0,0,0,0,0,0,0,0,0,0,0,0,22/11/24,20/07/25,-10,-0.041666667,7.009,10,0,0,Mix/Chivra/Chanachur,Ratlami Mixture,Ratlami Mixture,460307
SAWARIYA TRADING 41496,Masala Moong Dal MRP 10,FD055800351050000D,807,Masala Moong Dal MRP 10|35 GM*10.5 KG,111290,300,Yes,0,0,0,0,0,0,0,0,0,0,0,0,0,0,0,0,0,0,0,0,31/01/25,28/10/25,90,0.333333333,7.009,10,0,0,Namkeen Dal,Masala Moong Dal,Masala Moong Dal,460307
SAWARIYA TRADING 41496,Aloo Mixture MRP 10,FD013300381140000D,983,Aloo Mixture MRP 10|38GM*11.4KG,111290,300,Yes,0,0,0,0,0,0,0,0,0,0,0,0,0,0,0,0,0,0,0,0,08/03/25,06/07/25,-24,-0.2,7.009,10,0,0,Mix/Chivra/Chanachur,Aloo Mixture,Aloo Mixture,460307
SAWARIYA TRADING 41496,Chatpata Matar MRP 10,FE040000361080000D,1361,Heeng Jeera Matar MRP 10|36GM*10.8KG,111290,300,Yes,0,0,0,0,0,0,0,0,0,0,0,0,0,0,0,0,0,0,0,0,24/11/24,24/03/25,-128,-1.066666667,7.009,10,0,0,Matar,Matar,Heeng Jeera Matar,460307
SAWARIYA TRADING 41496,Dal Biji MRP 10,FD572400401200000D,782,Shahi Dal Biji MRP 10|40GM*12KG,111290,300,Yes,0,0,0,0,0,0,0,0,0,0,0,0,0,0,0,0,0,0,0,0,09/11/24,09/03/25,-143,-1.191666667,7.009,10,0,0,Mixture-Premium,Shahi Dal Biji,Shahi Dal Biji,460307
SAWARIYA TRADING 41496,kaju Mixture MRP 10,FD043500220660000D,314,Kaju Mixture MRP 10|22GM*6.6KG,111290,300,Yes,0,0,0,0,0,0,0,0,0,0,0,0,0,0,0,0,0,0,0,0,20/03/25,28/10/25,90,0.405405405,7.009,10,0,0,Mixture-Premium,Kaju Mixture,Kaju Mixture,460307
SAWARIYA TRADING 41496,Malai Sev MRP 10,FD049600421050000D,909,Malai Sev MRP 10|42 GM*10.5 KG,111290,250,Yes,0,0,0,0,0,0,0,0,0,0,0,0,0,0,0,0,0,0,0,0,05/08/24,01/01/25,-210,-1.409395973,7.0092,10,0,0,Sev Namkeen,Malai Sev,Malai Sev,460307
SAWARIYA TRADING 41496,Punjabi Tadka MRP 10,FD075200421058400D,847,Punjabi Tadka MRP 10|42 GM*10.584 KG,111290,252,Yes,0,0,0,0,0,0,0,0,0,0,0,0,0,0,0,0,0,0,0,0,25/08/24,23/12/24,-219,-1.825,7.0092,10,0,0,Punjabi Tadka,Punjabi Tadka,Punjabi Tadka,460307
SAWARIYA TRADING 41496,Boondi Plain MRP 10,FD018000380957600D,486,Boondi-Plain MRP 10|38GM*9.576KG,111290,252,Yes,0,0,0,0,0,0,0,0,0,0,0,0,0,0,0,0,0,0,0,0,03/05/25,31/08/25,32,0.266666667,7.0092,10,0,0,Besan Namkeen,Boondi,Boondi Plain,460307
SAWARIYA TRADING 41496,All In One MRP 10,FD012600380957600D,963,All In One MRP 10|38 GM*9.576 KG,111290,252,Yes,0,0,0,0,0,0,0,0,0,0,0,0,0,0,0,0,0,0,0,0,25/10/24,20/02/25,-160,-1.355932203,7.0092,10,0,0,Mix/Chivra/Chanachur,All In One,All In One,460307
SAWARIYA TRADING 41496,Chana Chur MRP 10,FD019500401008000D,991,Chana Chur MRP 10|40GM*10.08KG,111290,252,Yes,0,0,0,0,0,0,0,0,0,0,0,0,0,0,0,0,0,0,0,0,19/10/24,15/02/25,-165,-1.386554622,7.0092,10,0,0,Mix/Chivra/Chanachur,Chana Chur,Chana Chur,460307
SAWARIYA TRADING 41496,Chana Chur MRP 10,FD019500421058400D,995,Chana Chur MRP 10|42 GM*10.584 KG,111290,252,Yes,0,0,0,0,0,0,0,0,0,0,0,0,0,0,0,0,0,0,0,0,28/09/24,25/01/25,-186,-1.56302521,7.0092,10,0,0,Mix/Chivra/Chanachur,Chana Chur,Chana Chur,460307
SAWARIYA TRADING 41496,kaju Mixture MRP 10,FD043500230690000D,770,Kaju Mixture MRP 10|23 GM*6.9 KG,111290,300,Yes,0,0,0,0,0,0,0,0,0,0,0,0,0,0,0,0,0,0,0,0,28/10/24,24/02/25,-156,-1.31092437,7.0092,10,0,0,Mixture-Premium,Kaju Mixture,Kaju Mixture,460307
SAWARIYA TRADING 41496,Bhujia MRP 10,FD092200381140000D,558,Bhujia MRP 10|38 GM*11.4 KG,111290,300,Yes,0,0,0,0,0,0,0,0,0,0,0,0,0,0,0,0,0,0,0,0,21/10/24,19/03/25,-133,-0.89261745,7.0092,10,0,0,Bhujia Sev,Bhujia Sev,Bhujia,460307
SAWARIYA TRADING 41496,Achari Cube Mathi-35 Gm,FD232800300900000D,1162,Achari Cube Mathi 30 GM*9 KG,111290,300,Yes,0,0,0,0,0,0,0,0,0,0,0,0,0,0,0,0,0,0,0,0,21/08/24,05/11/24,-267,-3.513157895,7.0092,10,0,0,Tea Time Snacks,Mathri,Achari Cube Mathi,460307
SAWARIYA TRADING 41496,Pudina Mathi-30-Gm,FD232900300900000D,1164,Pudina Mathi 30 GM*9 KG,111290,300,Yes,0,0,0,0,0,0,0,0,0,0,0,0,0,0,0,0,0,0,0,0,21/08/24,01/11/24,-271,-3.763888889,7.0092,10,0,0,Tea Time Snacks,Mathri,Pudina Mathi,460307
SAWARIYA TRADING 41496,kashmiri Mixture MRP 10,FD044800220660000D,772,Kashmiri Mixture MRP 10|22GM*6.6KG,111290,300,Yes,0,0,0,0,0,0,0,0,0,0,0,0,0,0,0,0,0,0,0,0,03/05/25,31/08/25,32,0.266666667,7.0092,10,0,0,Mixture-Premium,Kashmiri Mixture,Kashmiri Mixture,460307
SAWARIYA TRADING 41496,Chatpata Dal MRP 10,FD020000451350000D,787,Chatpata Dal MRP 10|45 GM*13.5 KG,111290,300,Yes,0,0,0,0,0,0,0,0,0,0,0,0,0,0,0,0,0,0,0,0,15/10/24,14/03/25,-138,-0.92,7.0092,10,0,0,Namkeen Dal,Chatpata Dal,Chatpata Dal,460307
SAWARIYA TRADING 41496,Moong Dal MRP 10,FD060300381140000D,818,Moong Dal MRP 10|38 GM*11.4 KG,111290,300,Yes,0,0,0,0,0,0,0,0,0,0,0,0,0,0,0,0,0,0,0,0,22/10/24,20/03/25,-132,-0.88590604,7.0092,10,0,0,Namkeen Dal,Moong Dal,Moong Dal,460307
SAWARIYA TRADING 41496,Masala Moong Dal MRP 10,FD055800381140000D,806,Masala Moong Dal MRP 10|38 GM*11.4 KG,111290,300,Yes,0,0,0,0,0,0,0,0,0,0,0,0,0,0,0,0,0,0,0,0,08/10/24,29/01/25,-182,-1.610619469,7.0092,10,0,0,Namkeen Dal,Masala Moong Dal,Masala Moong Dal,460307